-- MySQL dump 10.13  Distrib 5.7.40, for Win32 (AMD64)
--
-- Host: 127.0.0.1    Database: online_sales
-- ------------------------------------------------------
-- Server version	5.7.40

/*!40101 SET @OLD_CHARACTER_SET_CLIENT=@@CHARACTER_SET_CLIENT */;
/*!40101 SET @OLD_CHARACTER_SET_RESULTS=@@CHARACTER_SET_RESULTS */;
/*!40101 SET @OLD_COLLATION_CONNECTION=@@COLLATION_CONNECTION */;
/*!40101 SET NAMES utf8 */;
/*!40103 SET @OLD_TIME_ZONE=@@TIME_ZONE */;
/*!40103 SET TIME_ZONE='+00:00' */;
/*!40014 SET @OLD_UNIQUE_CHECKS=@@UNIQUE_CHECKS, UNIQUE_CHECKS=0 */;
/*!40014 SET @OLD_FOREIGN_KEY_CHECKS=@@FOREIGN_KEY_CHECKS, FOREIGN_KEY_CHECKS=0 */;
/*!40101 SET @OLD_SQL_MODE=@@SQL_MODE, SQL_MODE='NO_AUTO_VALUE_ON_ZERO' */;
/*!40111 SET @OLD_SQL_NOTES=@@SQL_NOTES, SQL_NOTES=0 */;

--
-- Table structure for table `branch_permissions`
--

DROP TABLE IF EXISTS `branch_permissions`;
/*!40101 SET @saved_cs_client     = @@character_set_client */;
/*!40101 SET character_set_client = utf8 */;
CREATE TABLE `branch_permissions` (
  `id` bigint(20) unsigned NOT NULL AUTO_INCREMENT,
  `branch_id` bigint(20) unsigned NOT NULL,
  `permission_key` varchar(191) COLLATE utf8mb4_unicode_ci NOT NULL,
  `created_at` timestamp NULL DEFAULT NULL,
  `updated_at` timestamp NULL DEFAULT NULL,
  PRIMARY KEY (`id`),
  UNIQUE KEY `branch_permissions_branch_id_permission_key_unique` (`branch_id`,`permission_key`)
) ENGINE=MyISAM AUTO_INCREMENT=11 DEFAULT CHARSET=utf8mb4 COLLATE=utf8mb4_unicode_ci;
/*!40101 SET character_set_client = @saved_cs_client */;

--
-- Dumping data for table `branch_permissions`
--

LOCK TABLES `branch_permissions` WRITE;
/*!40000 ALTER TABLE `branch_permissions` DISABLE KEYS */;
INSERT INTO `branch_permissions` VALUES (1,1,'dashboard','2025-10-26 10:36:44','2025-10-26 10:36:44'),(2,1,'invoices','2025-10-26 10:36:44','2025-10-26 10:36:44'),(3,1,'catalog','2025-10-26 10:36:44','2025-10-26 10:36:44'),(4,1,'deposits','2025-10-26 10:36:44','2025-10-26 10:36:44'),(5,1,'reports','2025-10-26 10:36:44','2025-10-26 10:36:44'),(6,2,'dashboard','2025-10-26 10:36:44','2025-10-26 10:36:44'),(7,2,'invoices','2025-10-26 10:36:44','2025-10-26 10:36:44'),(8,2,'catalog','2025-10-26 10:36:44','2025-10-26 10:36:44'),(9,2,'deposits','2025-10-26 10:36:44','2025-10-26 10:36:44'),(10,2,'reports','2025-10-26 10:36:44','2025-10-26 10:36:44');
/*!40000 ALTER TABLE `branch_permissions` ENABLE KEYS */;
UNLOCK TABLES;

--
-- Table structure for table `branches`
--

DROP TABLE IF EXISTS `branches`;
/*!40101 SET @saved_cs_client     = @@character_set_client */;
/*!40101 SET character_set_client = utf8 */;
CREATE TABLE `branches` (
  `id` bigint(20) unsigned NOT NULL AUTO_INCREMENT,
  `name` varchar(191) COLLATE utf8mb4_unicode_ci NOT NULL,
  `location` varchar(191) COLLATE utf8mb4_unicode_ci NOT NULL,
  `phone` varchar(191) COLLATE utf8mb4_unicode_ci DEFAULT NULL,
  `description` text COLLATE utf8mb4_unicode_ci,
  `created_at` timestamp NULL DEFAULT NULL,
  `updated_at` timestamp NULL DEFAULT NULL,
  PRIMARY KEY (`id`)
) ENGINE=MyISAM AUTO_INCREMENT=3 DEFAULT CHARSET=utf8mb4 COLLATE=utf8mb4_unicode_ci;
/*!40101 SET character_set_client = @saved_cs_client */;

--
-- Dumping data for table `branches`
--

LOCK TABLES `branches` WRITE;
/*!40000 ALTER TABLE `branches` DISABLE KEYS */;
INSERT INTO `branches` VALUES (1,'خانيونس','خانيونس','599111111',NULL,'2025-10-19 09:12:17',NULL),(2,'دير البلح','دير البلح','599222222',NULL,'2025-10-19 09:12:17',NULL);
/*!40000 ALTER TABLE `branches` ENABLE KEYS */;
UNLOCK TABLES;

--
-- Table structure for table `cache`
--

DROP TABLE IF EXISTS `cache`;
/*!40101 SET @saved_cs_client     = @@character_set_client */;
/*!40101 SET character_set_client = utf8 */;
CREATE TABLE `cache` (
  `key` varchar(191) COLLATE utf8mb4_unicode_ci NOT NULL,
  `value` mediumtext COLLATE utf8mb4_unicode_ci NOT NULL,
  `expiration` int(11) NOT NULL,
  PRIMARY KEY (`key`)
) ENGINE=MyISAM DEFAULT CHARSET=utf8mb4 COLLATE=utf8mb4_unicode_ci;
/*!40101 SET character_set_client = @saved_cs_client */;

--
-- Dumping data for table `cache`
--

LOCK TABLES `cache` WRITE;
/*!40000 ALTER TABLE `cache` DISABLE KEYS */;
/*!40000 ALTER TABLE `cache` ENABLE KEYS */;
UNLOCK TABLES;

--
-- Table structure for table `cache_locks`
--

DROP TABLE IF EXISTS `cache_locks`;
/*!40101 SET @saved_cs_client     = @@character_set_client */;
/*!40101 SET character_set_client = utf8 */;
CREATE TABLE `cache_locks` (
  `key` varchar(191) COLLATE utf8mb4_unicode_ci NOT NULL,
  `owner` varchar(191) COLLATE utf8mb4_unicode_ci NOT NULL,
  `expiration` int(11) NOT NULL,
  PRIMARY KEY (`key`)
) ENGINE=MyISAM DEFAULT CHARSET=utf8mb4 COLLATE=utf8mb4_unicode_ci;
/*!40101 SET character_set_client = @saved_cs_client */;

--
-- Dumping data for table `cache_locks`
--

LOCK TABLES `cache_locks` WRITE;
/*!40000 ALTER TABLE `cache_locks` DISABLE KEYS */;
/*!40000 ALTER TABLE `cache_locks` ENABLE KEYS */;
UNLOCK TABLES;

--
-- Table structure for table `catalog_items`
--

DROP TABLE IF EXISTS `catalog_items`;
/*!40101 SET @saved_cs_client     = @@character_set_client */;
/*!40101 SET character_set_client = utf8 */;
CREATE TABLE `catalog_items` (
  `id` bigint(20) unsigned NOT NULL AUTO_INCREMENT,
  `product` varchar(120) COLLATE utf8mb4_unicode_ci NOT NULL,
  `type` varchar(120) COLLATE utf8mb4_unicode_ci NOT NULL,
  `quantity` varchar(120) COLLATE utf8mb4_unicode_ci NOT NULL,
  `wholesale_price` varchar(120) COLLATE utf8mb4_unicode_ci NOT NULL,
  `sale_price` varchar(120) COLLATE utf8mb4_unicode_ci NOT NULL,
  `is_mobile_product` tinyint(1) NOT NULL DEFAULT '0',
  `created_at` timestamp NULL DEFAULT NULL,
  `updated_at` timestamp NULL DEFAULT NULL,
  `branch_id` bigint(20) unsigned DEFAULT NULL,
  PRIMARY KEY (`id`),
  UNIQUE KEY `catalog_items_product_type_unique` (`product`,`type`),
  KEY `catalog_items_branch_id_foreign` (`branch_id`)
) ENGINE=MyISAM AUTO_INCREMENT=159 DEFAULT CHARSET=utf8mb4 COLLATE=utf8mb4_unicode_ci;
/*!40101 SET character_set_client = @saved_cs_client */;

--
-- Dumping data for table `catalog_items`
--

LOCK TABLES `catalog_items` WRITE;
/*!40000 ALTER TABLE `catalog_items` DISABLE KEYS */;
INSERT INTO `catalog_items` VALUES (1,'باور شاحن','وصلة عادي','3','10','30',0,'2025-10-12 08:41:13','2025-11-13 07:59:06',1),(2,'باور شاحن','وصلة راديو','4','10','30',0,'2025-10-12 08:42:43',NULL,1),(3,'باور شاحن','وصلة امريكي','5','10','30',0,'2025-10-12 08:42:56','2025-11-01 13:29:04',1),(4,'باور شاحن','وصلة مصلحة','1','10','30',0,'2025-10-12 08:44:36',NULL,1),(5,'باور شاحن','وصلة PC','2','10','30',0,'2025-10-12 08:44:46',NULL,1),(6,'شاحن أصلي','HP 45W رفيع','0','100','200',0,'2025-10-12 08:45:13','2025-10-19 11:28:03',1),(7,'شاحن أصلي','HP 65W رفيع','2','100','200',0,'2025-10-12 08:45:26','2025-11-03 13:14:31',1),(8,'شاحن أصلي','HP 90W كبير','0','100','200',0,'2025-10-12 08:45:40','2025-11-01 13:28:51',1),(9,'شاحن أصلي','Lenovo بدون كابل','3','100','200',0,'2025-10-12 08:45:55','2025-10-30 07:25:23',1),(10,'شاحن أصلي','Lenovo رفيع','1','100','200',0,'2025-10-12 08:46:10','2025-11-11 05:29:06',1),(11,'شاحن أصلي','Lenovo عريض','1','100','200',0,'2025-10-12 08:46:36',NULL,1),(12,'شاحن أصلي','Lenovo وسط','1','100','200',0,'2025-10-12 08:46:47',NULL,1),(13,'شاحن أصلي','Lenovo كبير','1','100','200',0,'2025-10-12 08:46:57',NULL,1),(14,'شاحن أصلي','Dell كرتونة أصلي','2','100','200',0,'2025-10-12 08:47:08',NULL,1),(15,'شاحن أصلي','Acer','1','100','200',0,'2025-10-12 08:47:18',NULL,1),(16,'شاحن أصلي','Hepro','1','100','200',0,'2025-10-12 08:47:29',NULL,1),(17,'شاحن تجاري','Dell تجاري','2','40','150',0,'2025-10-12 08:52:02',NULL,1),(18,'شاحن تجاري','HP تجاري رفيع','1','40','150',0,'2025-10-12 08:52:22','2025-10-14 13:09:29',1),(19,'شاحن تجاري','HP تجاري كبير','1','40','150',0,'2025-10-12 08:52:35',NULL,1),(20,'شاحن تجاري','Lenovo تجاري','1','40','100',0,'2025-10-12 08:52:48',NULL,1),(21,'شاحن تجاري','تجاري كرتونة','14','40','150',0,'2025-10-12 08:53:10','2025-10-29 14:05:43',1),(22,'شاحن أصلي','Dell 130W أصلي','1','200','400',0,'2025-10-12 08:53:34',NULL,1),(23,'شاحن أصلي','Sony','1','100','200',0,'2025-10-12 08:53:50',NULL,1),(24,'شاحن تجاري','12V هواية','2','10','40',0,'2025-10-12 08:54:01',NULL,1),(25,'وصلات شاحن','TYPE C','3','100','200',0,'2025-10-12 08:54:17',NULL,1),(26,'وصلات شاحن','Lenovo','1','30','80',0,'2025-10-12 08:54:36',NULL,1),(27,'وصلات شاحن','عريض','2','30','80',0,'2025-10-12 08:54:53',NULL,1),(28,'وصلات شاحن','جوال عادي','7','10','30',0,'2025-10-12 08:55:11','2025-11-03 13:10:19',1),(29,'فلاش','64G','4','65','110',0,'2025-10-12 08:57:21','2025-11-03 13:13:15',1),(30,'فلاش','WIFI','14','20','60',0,'2025-10-12 08:57:41',NULL,1),(31,'فلاش','WIFI شاشة','7','40','100',0,'2025-10-12 08:57:55',NULL,1),(32,'كابل','HDMI 2M','0','10','30',0,'2025-10-12 08:58:15','2025-10-13 11:17:54',1),(33,'كابل','انترنت 1 متر','3','10','30',0,'2025-10-12 08:59:43','2025-11-15 04:19:28',1),(34,'مفكات','ازرق','3','10','40',0,'2025-10-12 09:00:02',NULL,1),(35,'مفكات','برتقالي','4','10','30',0,'2025-10-12 09:00:13',NULL,1),(36,'وصلات','سماعات 3 الوان','1','10','30',0,'2025-10-12 09:00:30','2025-10-12 09:46:35',1),(37,'وصلات','حاوية سماعة','1','10','20',0,'2025-10-12 09:00:42',NULL,1),(38,'ارجيات','ارجيات مغلق','19','1','3',0,'2025-10-12 09:00:56','2025-11-11 05:26:33',1),(39,'ارجيات','ارجيات مفتوح','100','1','3',0,'2025-10-12 09:01:10',NULL,1),(40,'معجون معالج','باكيت صغير','202','1','20',0,'2025-10-12 09:01:25',NULL,1),(41,'قاعدة ماوس','كبير','7','10','30',0,'2025-10-12 09:01:42','2025-10-19 11:33:44',1),(42,'قاعدة ماوس','وسط','9','8','20',0,'2025-10-12 09:01:58','2025-11-11 06:18:50',1),(43,'قاعدة ماوس','صغير','27','4','10',0,'2025-10-12 09:02:17','2025-10-25 11:42:39',1),(44,'ماوس','هدايا','15','5','20',0,'2025-10-12 09:02:52','2025-11-03 13:14:21',1),(45,'ماوس','AnyWhere كبير','29','32','80',0,'2025-10-12 09:03:09','2025-11-11 05:26:57',1),(46,'ماوس','تجاري','12','5','20',0,'2025-10-12 09:03:23','2025-11-16 07:15:37',1),(47,'ماوس','S10','1','100','200',0,'2025-10-12 09:03:33',NULL,1),(48,'ماوس','SZZ','4','65','150',0,'2025-10-12 09:03:52','2025-11-04 13:20:04',1),(49,'ماوس','Jeqang','10','40','90',0,'2025-10-12 09:04:05','2025-11-08 07:57:37',1),(50,'ماوس','Wifi تجاري','4','15','50',0,'2025-10-12 09:04:20',NULL,1),(51,'ماوس','AnyWhere صغير','8','32','60',0,'2025-10-12 09:04:37','2025-11-11 05:42:53',1),(52,'ماوس','MW 104','0','32','60',0,'2025-10-12 09:04:54','2025-10-15 03:54:34',1),(53,'سماعة','Gigamax G2','1','65','150',0,'2025-10-12 09:05:20','2025-11-11 05:29:24',1),(54,'سماعة','Gigamax HS-28','11','65','150',0,'2025-10-12 09:05:33','2025-11-12 05:31:07',1),(55,'سماعة','Gigamax HS-09','2','65','130',0,'2025-10-12 09:05:45',NULL,1),(56,'سماعة','Jedal كبير','1','65','130',0,'2025-10-12 09:06:02','2025-10-30 14:20:30',1),(57,'سماعة','YES','2','65','130',0,'2025-10-12 09:06:14',NULL,1),(58,'سماعة','Scorpion','1','65','130',0,'2025-10-12 09:06:27','2025-10-19 11:28:28',1),(59,'سماعة','Jedal صغير','6','25','80',0,'2025-10-12 09:06:40','2025-11-11 05:28:01',1),(60,'لوحة مفاتيح','Scorpion CM370','3','100','250',0,'2025-10-12 09:06:52','2025-11-05 06:39:34',1),(61,'لوحة مفاتيح','WIFI CW1260','15','40','130',0,'2025-10-12 09:07:31','2025-11-15 04:27:48',1),(62,'لوحة مفاتيح','WIFI WB-8010','2','70','130',0,'2025-10-12 09:08:07',NULL,1),(63,'لوحة مفاتيح','XO K-10','0','50','90',0,'2025-10-12 09:08:32','2025-11-11 06:18:24',1),(64,'لوحة مفاتيح','HP - K200','7','40','60',0,'2025-10-12 09:08:47','2025-10-19 11:34:56',1),(65,'لوحة مفاتيح','Banda','1','40','60',0,'2025-10-12 09:08:59',NULL,1),(66,'لوحة مفاتيح','MINI K-1000','6','20','60',0,'2025-10-12 09:09:09','2025-10-25 11:47:43',1),(67,'لوحة مفاتيح','XO تجاري','2','20','40',0,'2025-10-12 09:09:27','2025-11-11 05:41:38',1),(68,'مروحة','PC FAN','1','40','80',0,'2025-10-12 09:10:07','2025-11-03 13:11:07',1),(69,'مروحة','Laptop Fan','10','50','100',0,'2025-10-12 09:10:34','2025-11-03 13:11:28',1),(70,'حاوية','Cady','17','20','60',0,'2025-10-12 09:10:35','2025-11-11 05:15:58',1),(71,'حاوية','Sata','2','55','120',0,'2025-10-12 09:10:36','2025-10-25 11:44:28',1),(72,'حاوية','HDD','6','55','120',0,'2025-10-12 09:10:37','2025-11-06 09:12:16',1),(73,'حاوية','M.2','4','55','150',0,'2025-10-12 09:10:38',NULL,1),(74,'حاوية','حاوية USB','1','40','80',0,'2025-10-12 09:10:39',NULL,1),(75,'راوتر','LB راوتر','0','220','300',0,'2025-10-12 09:10:40','2025-11-12 05:30:15',1),(76,'راوتر','مستعمل','0','50','150',0,'2025-10-12 09:10:41','2025-11-12 05:27:51',1),(77,'ماكينة','حلاقة','0','100','180',0,'2025-10-12 09:10:42','2025-10-25 11:57:12',1),(78,'عصا العاب','PC + Phone','0','80','130',0,'2025-10-12 09:10:43','2025-10-18 10:26:47',1),(79,'عصا العاب','X-Box','1','120','200',0,'2025-10-12 09:10:44',NULL,1),(80,'مايكروفون','عادي','3','15','30',0,'2025-10-12 09:10:45','2025-10-29 06:54:47',1),(81,'مايكروفون','Professional','0','180','350',0,'2025-10-12 09:10:46','2025-11-03 13:11:43',1),(82,'مايكروفون','MC15','1','150','200',0,'2025-10-12 09:10:47',NULL,1),(83,'مايكروفون','MC20','0','150','250',0,'2025-10-12 09:10:48','2025-11-15 04:29:21',1),(84,'مايكروفون','سماعة كبير','0','25','50',0,'2025-10-12 09:10:49','2025-11-15 12:56:20',1),(85,'مكبرات صوت','سماعة حمراء','2','170','350',0,'2025-10-12 09:10:50',NULL,1),(86,'مكبرات صوت','سماعة سوداء','3','250','400',0,'2025-10-12 09:10:51','2025-10-19 11:36:48',1),(87,'وصلات','USB 10 M','1','20','70',0,'2025-10-12 09:10:52',NULL,1),(88,'وصلات','وصلة راديو ازرق','4','15','30',0,'2025-10-12 09:10:53','2025-10-30 10:27:34',1),(89,'وصلات','وصلة طابعة او راديو اسود','0','10','30',0,'2025-10-12 09:10:54','2025-10-15 07:47:41',1),(90,'لزقة','لزقة لوحة مفاتيح','25','5','15',0,'2025-10-12 09:10:55','2025-11-11 06:20:08',1),(91,'لزقة','لزقة لغة عربي','23','2','10',0,'2025-10-12 09:10:56','2025-11-15 04:18:58',1),(92,'رامات','Laptop RAM 8G PC4','2','100','180',0,'2025-10-12 09:10:57','2025-11-16 08:06:22',1),(93,'رامات','Laptop RAM 4G PC4','0','50','70',0,'2025-10-12 09:10:58','2025-10-28 14:13:26',1),(94,'رامات','Laptop RAM 4G PC3L','7','50','70',0,'2025-10-12 09:10:59','2025-11-16 08:06:58',1),(95,'رامات','Laptop RAM 4G PC3','5','50','70',0,NULL,'2025-10-19 07:55:16',1),(96,'رامات','Laptop RAM 2G PC3L','3','20','30',0,NULL,'2025-10-25 09:29:08',1),(97,'رامات','Laptop RAM 2G PC3','13','20','30',0,NULL,'2025-11-16 08:06:44',1),(98,'رامات','Laptop RAM 16G PC4','0','150','360',0,NULL,'2025-11-16 08:05:51',1),(99,'هاردات','SSD 240G Hik-Vision','3','180','300',0,NULL,'2025-11-15 05:04:41',1),(100,'هاردات','SSD 240G SanDisk','0','180','300',0,NULL,NULL,1),(101,'هاردات','SSD 240G Kingston','1','180','300',0,NULL,NULL,1),(102,'هاردات','SSD 240G A-Data','2','180','300',0,NULL,NULL,1),(103,'هاردات','SSD WD 240G','6','180','300',0,NULL,'2025-11-16 07:58:44',1),(104,'هاردات','SSD 250G HP','1','180','350',0,NULL,NULL,1),(105,'هاردات','SSD 500G HP','1','180','500',0,NULL,NULL,1),(106,'هاردات','SSD M.2 256G','0','180','300',0,NULL,'2025-11-11 05:45:32',1),(107,'هاردات','NVME M.2 256G','1','200','350',0,NULL,'2025-11-13 08:01:06',1),(108,'هاردات','NVME M.2 512G','5','300','500',0,NULL,'2025-11-09 04:31:44',1),(109,'هاردات','HDD 120G','1','20','80',0,NULL,NULL,1),(110,'هاردات','HDD 160G','0','20','100',0,NULL,'2025-11-01 08:48:51',1),(111,'هاردات','HDD 500G','1','50','150',0,NULL,'2025-11-06 09:12:05',1),(112,'هاردات','HDD 1T','2','100','300',0,NULL,'2025-11-02 04:11:03',1),(113,'حقائب','كتف صغيرة','1','20','40',0,NULL,'2025-11-12 05:30:40',1),(114,'حقائب','كتف واحد','4','40','70',0,NULL,NULL,1),(115,'حقائب','كتف جنب','2','25','40',0,NULL,NULL,1),(116,'ذاكرة','Memory 16G','13','20','40',0,NULL,'2025-11-02 04:19:00',1),(117,'فراشي','فراشي تنظيف','3','5','10',0,NULL,NULL,1),(118,'شلد','شلد شاشة Tushiba','1','50','150',0,NULL,NULL,1),(119,'معجون معالج','أسطوانة كبيرة','9','30','70',0,NULL,NULL,1),(120,'لابتوب','DELL E7250','1','700','1400',0,'2025-10-12 09:30:18','2025-10-12 09:30:18',1),(121,'سماعة','بلوتوث','0','100','200',0,'2025-10-12 09:47:00','2025-10-12 09:47:41',1),(122,'لابتوب','DELL A00 i3-4th Ram 8G','1','500','1400',0,'2025-10-14 04:44:44','2025-11-04 13:18:10',1),(123,'لابتوب','HP Laptop 15 i5-10th Ram-16 SSD-256 MX-130','0','1200','2800',0,'2025-10-14 04:45:38','2025-10-16 13:20:33',1),(124,'لابتوب','DELL E750 i7-5th RAM-8 SSD-256','1','700','1800',0,'2025-10-14 04:46:31','2025-10-14 04:46:31',1),(125,'لابتوب','Casper Excalibur G860 i7-7th Ram-16 NVME-120+1T HDD GTX-1060-6G','0','1400','3500',0,'2025-10-14 04:47:51','2025-10-30 14:24:49',1),(127,'يدين ألعاب','X-360','1','100','200',0,'2025-10-14 11:59:36','2025-10-14 11:59:36',1),(128,'يدين ألعاب','Terios','1','70','150',0,'2025-10-14 11:59:55','2025-10-14 11:59:55',1),(129,'ماوس','MT-049','4','15','40',0,'2025-10-16 13:24:24','2025-11-15 04:22:03',1),(130,'راوتر','ADSL مستعمل','0','200','300',0,'2025-10-18 10:28:15','2025-10-18 10:28:36',1),(131,'لابتوب','HP ProBook 450 G7 Core i5-8th Ram 8G M.2 256G','0','650','2400',0,'2025-10-18 10:36:18','2025-10-18 10:36:42',1),(132,'شاحن','Dell أصلي عريض','1','50','200',0,'2025-10-19 10:25:06','2025-10-19 10:25:06',1),(133,'لابتوب','HP 250 G7 i3-7th Ram 4G NVME 240G','0','700','1700',0,'2025-10-19 10:52:42','2025-10-19 10:53:56',1),(134,'بطارية لابتوب','HP 250 G5-7','0','100','250',0,'2025-10-25 08:19:37','2025-11-04 13:19:45',1),(135,'لابتوب','HP 15R  i3-4th Ram 8G HDD 512G','0','180','500',0,'2025-10-27 05:00:18','2025-11-02 05:25:04',1),(136,'لابتوب','HP 15 i7-8th Ram 8G SSD 240G','0','1000','3000',0,'2025-10-27 05:01:24','2025-11-05 06:38:37',1),(137,'لابتوب','Acer Aspire 3 Core i3-10th Ram 8G SSD 240G','0','1100','2400',0,'2025-10-29 14:03:22','2025-10-29 14:05:17',1),(138,'وصلات','USB 1.5M','0','15','30',0,'2025-10-30 10:24:59','2025-11-11 06:20:38',1),(139,'فلاش','32G','2','45','70',0,'2025-10-30 10:26:41','2025-11-03 13:12:46',1),(140,'وصلات','وصلة طابعة','0','15','30',0,'2025-10-30 10:28:40','2025-11-12 05:30:56',1),(141,'ماوس','مستعمل','0','2','20',0,'2025-10-30 11:13:29','2025-10-30 11:13:53',1),(142,'اسطوانة','اسطوانة','17','1','10',0,'2025-10-30 11:30:25','2025-11-05 06:28:48',1),(143,'لابتوب','Lenovo ThinkBook 15-iil core i3-10th Ram 8G NVME 256G','1','1228','2400',0,'2025-11-02 05:12:12','2025-11-02 05:12:12',1),(144,'لابتوب','Lenovo 80TV Core i5-7th Ram 8 SSD 240','1','800','2300',0,'2025-11-02 05:13:48','2025-11-02 05:13:48',1),(145,'لابتوب','Acer Aspire E15 Core i7-7th Ram 8G NVME 240G','0','1500','2900',0,'2025-11-02 05:15:25','2025-11-02 05:16:43',1),(146,'حقائب','ظهر','4','60','90',0,'2025-11-02 05:18:04','2025-11-06 09:12:38',1),(147,'لابتوب','HP - 15 Core i5-11 Ram8 M2 240G','0','1800','3300',0,'2025-11-02 05:20:18','2025-11-02 05:21:08',1),(148,'ماوس','1620','97','15','40',0,'2025-11-08 05:04:31','2025-11-15 04:26:54',1),(149,'وصلات','TYPE C 3in1','0','60','120',0,'2025-11-08 06:02:54','2025-11-08 06:03:30',1),(150,'وصلات','TYPE C 2in1','1','60','100',0,'2025-11-08 06:03:08','2025-11-08 06:03:08',1),(151,'هاردات','SSD M.2 128G','1','50','150',0,'2025-11-09 04:29:35','2025-11-09 04:29:35',1),(152,'بطارية لابتوب','HP ProBook 450 G7','0','300','600',0,'2025-11-11 05:25:53','2025-11-11 05:26:11',1),(153,'لابتوب','HP 250 G8 i5-11th Ram 16G SSD NVME 512G','1','1900','2400',0,'2025-11-11 10:14:52','2025-11-11 10:14:52',1),(154,'وصلات','وصلة باور راوتر','14','2','8',0,'2025-11-12 05:29:21','2025-11-15 04:33:01',1),(155,'شاحن أصلي','Dell رفيع','1','50','200',0,'2025-11-13 07:52:46','2025-11-13 07:59:22',1),(156,'قطع','WIFI 1th - 3th','7','30','100',0,'2025-11-16 08:08:44','2025-11-16 08:08:44',1),(157,'قطع','WIFI 4th - 7th','6','30','150',0,'2025-11-16 08:09:26','2025-11-16 08:10:46',1),(158,'قطع','WIFI 7th - 13th','10','30','150',0,'2025-11-16 08:10:28','2025-11-16 08:10:28',1);
/*!40000 ALTER TABLE `catalog_items` ENABLE KEYS */;
UNLOCK TABLES;

--
-- Table structure for table `customer_orders`
--

DROP TABLE IF EXISTS `customer_orders`;
/*!40101 SET @saved_cs_client     = @@character_set_client */;
/*!40101 SET character_set_client = utf8 */;
CREATE TABLE `customer_orders` (
  `id` bigint(20) unsigned NOT NULL AUTO_INCREMENT,
  `customer_name` varchar(191) COLLATE utf8mb4_unicode_ci NOT NULL,
  `phone_number` varchar(191) COLLATE utf8mb4_unicode_ci NOT NULL,
  `device_type` varchar(191) COLLATE utf8mb4_unicode_ci NOT NULL,
  `specifications` text COLLATE utf8mb4_unicode_ci NOT NULL,
  `approximate_price` varchar(191) COLLATE utf8mb4_unicode_ci NOT NULL,
  `status` enum('pending','in_progress','completed','cancelled') COLLATE utf8mb4_unicode_ci NOT NULL DEFAULT 'pending',
  `notes` text COLLATE utf8mb4_unicode_ci,
  `created_at` timestamp NULL DEFAULT NULL,
  `updated_at` timestamp NULL DEFAULT NULL,
  `branch_id` bigint(20) unsigned DEFAULT NULL,
  PRIMARY KEY (`id`),
  KEY `customer_orders_branch_id_foreign` (`branch_id`)
) ENGINE=MyISAM AUTO_INCREMENT=11 DEFAULT CHARSET=utf8mb4 COLLATE=utf8mb4_unicode_ci;
/*!40101 SET character_set_client = @saved_cs_client */;

--
-- Dumping data for table `customer_orders`
--

LOCK TABLES `customer_orders` WRITE;
/*!40000 ALTER TABLE `customer_orders` DISABLE KEYS */;
INSERT INTO `customer_orders` VALUES (1,'أبو الوليد راضي','0599865805','MSI i7-9700K - Ram 32G','معاه لابتوب MSI i7-9700K - Ram 32G للبيع','0','pending',NULL,'2025-11-02 05:40:44','2025-11-02 05:40:44',1),(2,'علاء شلايل','0567347096','HP 250 G6','مطلوب بطارية','0','pending','رقم بديل: 0598016580','2025-11-02 12:37:38','2025-11-02 12:37:38',1),(3,'محمود الأخرص','0597114465','مطلوب لابتوب احترافي','بنكي فقط','0','pending',NULL,'2025-11-02 12:38:16','2025-11-02 12:38:16',1),(4,'عبدالله بسمان صقر','0594104253','Dell Precision 3510','مطلوب بطارية للجهاز داخلية','700','pending',NULL,'2025-11-03 10:44:25','2025-11-03 10:44:25',1),(5,'براء نصار','0597222116','Lenovo ideaPad 3 -15 الجيل 11','مطلوب مدخل شاحن أصلي','250 - 350','pending','الدفع بنكي','2025-11-04 08:26:41','2025-11-04 08:27:37',1),(6,'محمد أبو عرار','0599310171','HP 250 G7','core i7-8th لوحة مطلوب','1000-2000','pending',NULL,'2025-11-06 07:22:14','2025-11-06 07:22:14',1),(7,'عهد أبو دقة','0597746292','Lenovo  Legoin 5','لوحة','2000','pending',NULL,'2025-11-08 07:45:54','2025-11-08 07:45:54',1),(8,'أحمد الكرونز','0592762502','Lenovo ThinkPad Tuchscreen','مش مشكلة المواصفات المهم الشاشة لمس','2000','pending',NULL,'2025-11-09 06:20:21','2025-11-09 06:20:21',1),(9,'سلمى مطر','0567089999','Lenovo ideaPad','مطلوب لوحة','1000','pending',NULL,'2025-11-09 11:48:22','2025-11-09 11:48:22',1),(10,'عائشة الفرا','0598777458','بطارية HP 250 G4','بيع بطارية','300','pending',NULL,'2025-11-10 05:44:48','2025-11-10 05:44:48',1);
/*!40000 ALTER TABLE `customer_orders` ENABLE KEYS */;
UNLOCK TABLES;

--
-- Table structure for table `daily_handovers`
--

DROP TABLE IF EXISTS `daily_handovers`;
/*!40101 SET @saved_cs_client     = @@character_set_client */;
/*!40101 SET character_set_client = utf8 */;
CREATE TABLE `daily_handovers` (
  `id` bigint(20) unsigned NOT NULL AUTO_INCREMENT,
  `handover_date` date NOT NULL,
  `handover_time` time NOT NULL,
  `cash` decimal(10,2) NOT NULL,
  `bank` decimal(10,2) NOT NULL,
  `reason` varchar(191) COLLATE utf8mb4_unicode_ci NOT NULL,
  `notes` text COLLATE utf8mb4_unicode_ci,
  `received_by` varchar(191) COLLATE utf8mb4_unicode_ci DEFAULT NULL,
  `created_at` timestamp NULL DEFAULT NULL,
  `updated_at` timestamp NULL DEFAULT NULL,
  `branch_id` bigint(20) unsigned DEFAULT NULL,
  PRIMARY KEY (`id`),
  KEY `daily_handovers_branch_id_foreign` (`branch_id`)
) ENGINE=MyISAM AUTO_INCREMENT=29 DEFAULT CHARSET=utf8mb4 COLLATE=utf8mb4_unicode_ci;
/*!40101 SET character_set_client = @saved_cs_client */;

--
-- Dumping data for table `daily_handovers`
--

LOCK TABLES `daily_handovers` WRITE;
/*!40000 ALTER TABLE `daily_handovers` DISABLE KEYS */;
INSERT INTO `daily_handovers` VALUES (4,'2025-10-12','18:39:00',0.00,870.00,'مبلغ اليومي',NULL,'سيف','2025-10-15 03:18:30','2025-10-15 03:18:30',1),(2,'2025-10-13','18:57:00',315.00,180.00,'مبلغ اليومي',NULL,'سيف','2025-10-15 03:06:12','2025-10-15 03:06:12',1),(3,'2025-10-14','19:06:00',1201.00,460.00,'مبلغ اليومي',NULL,'سيف','2025-10-15 03:06:43','2025-10-15 03:06:43',1),(7,'2025-10-15','18:45:00',315.00,275.00,'مبلغ اليومي','باقي دين لزبون بقيمة 15 شيكل','سيف','2025-10-15 12:46:16','2025-10-15 12:46:16',1),(8,'2025-10-16','00:00:00',390.00,650.00,'تم التسليم','باقي لزبون 20 شيكل','سيف','2025-10-15 21:00:00','2025-10-15 21:00:00',1),(9,'2025-10-18','00:00:00',2495.00,4220.00,'تم التسليم',NULL,'سيف','2025-10-17 21:00:00','2025-10-17 21:00:00',1),(10,'2025-10-19','00:00:00',130.00,1270.00,'تم التسليم',NULL,'سيف','2025-10-18 21:00:00','2025-10-18 21:00:00',1),(11,'2025-10-20','00:00:00',220.00,535.00,'تم التسليم',NULL,'سيف','2025-10-19 21:00:00','2025-10-19 21:00:00',1),(12,'2025-10-21','00:00:00',500.00,1440.00,'تم التسليم',NULL,'سيف','2025-10-20 21:00:00','2025-10-20 21:00:00',1),(13,'2025-10-22','00:00:00',500.00,1890.00,'تم التسليم',NULL,'سيف','2025-10-21 21:00:00','2025-10-21 21:00:00',1),(14,'2025-10-23','00:00:00',345.00,750.00,'تم التسليم',NULL,'سيف','2025-10-22 21:00:00','2025-10-22 21:00:00',1),(15,'2025-10-26','00:00:00',905.00,3855.00,'تم التسليم',NULL,'سيف','2025-10-25 21:00:00','2025-10-25 21:00:00',1),(16,'2025-10-27','00:00:00',405.00,1400.00,'تم التسليم',NULL,'سيف','2025-10-26 22:00:00','2025-10-26 22:00:00',1),(17,'2025-10-28','00:00:00',50.00,260.00,'تم التسليم',NULL,'سيف','2025-10-27 22:00:00','2025-10-27 22:00:00',1),(18,'2025-10-29','00:00:00',3915.00,3070.00,'تم التسليم',NULL,'سيف','2025-10-28 22:00:00','2025-10-28 22:00:00',1),(19,'2025-10-30','00:00:00',632.00,5765.00,'تم التسليم',NULL,'سيف','2025-10-29 22:00:00','2025-10-29 22:00:00',1),(20,'2025-11-01','00:00:00',562.00,7685.00,'تم التسليم',NULL,'سيف','2025-10-31 22:00:00','2025-10-31 22:00:00',1),(21,'2025-11-02','00:00:00',1730.00,230.00,'تم التسليم',NULL,'سيف','2025-11-01 22:00:00','2025-11-01 22:00:00',1),(22,'2025-11-03','00:00:00',1020.00,3455.00,'تم التسليم',NULL,'سيف','2025-11-02 22:00:00','2025-11-02 22:00:00',1),(23,'2025-11-04','00:00:00',280.00,3350.00,'تم التسليم',NULL,'سيف','2025-11-03 22:00:00','2025-11-03 22:00:00',1),(24,'2025-11-05','00:00:00',2755.00,300.00,'تم التسليم',NULL,'سيف','2025-11-04 22:00:00','2025-11-04 22:00:00',1),(25,'2025-11-06','00:00:00',825.00,2090.00,'تم التسليم',NULL,'سيف','2025-11-05 22:00:00','2025-11-05 22:00:00',1),(26,'2025-11-08','00:00:00',708.00,1825.00,'تم التسليم',NULL,'سيف','2025-11-07 22:00:00','2025-11-07 22:00:00',1),(27,'2025-11-09','00:00:00',710.00,655.00,'تم التسليم',NULL,'سيف','2025-11-08 22:00:00','2025-11-08 22:00:00',1),(28,'2025-11-10','00:00:00',120.00,480.00,'تم التسليم',NULL,'سيف','2025-11-09 22:00:00','2025-11-09 22:00:00',1);
/*!40000 ALTER TABLE `daily_handovers` ENABLE KEYS */;
UNLOCK TABLES;

--
-- Table structure for table `debts`
--

DROP TABLE IF EXISTS `debts`;
/*!40101 SET @saved_cs_client     = @@character_set_client */;
/*!40101 SET character_set_client = utf8 */;
CREATE TABLE `debts` (
  `id` bigint(20) unsigned NOT NULL AUTO_INCREMENT,
  `customer_name` varchar(191) COLLATE utf8mb4_unicode_ci NOT NULL,
  `phone` varchar(191) COLLATE utf8mb4_unicode_ci NOT NULL,
  `type` enum('دائن','مدين') COLLATE utf8mb4_unicode_ci NOT NULL,
  `cash_amount` decimal(10,2) NOT NULL DEFAULT '0.00',
  `bank_amount` decimal(10,2) NOT NULL DEFAULT '0.00',
  `reason` text COLLATE utf8mb4_unicode_ci NOT NULL,
  `source` varchar(191) COLLATE utf8mb4_unicode_ci NOT NULL DEFAULT 'general' COMMENT 'general or mobile_shop',
  `debt_date` date NOT NULL,
  `payment_date` date DEFAULT NULL,
  `created_at` timestamp NULL DEFAULT NULL,
  `updated_at` timestamp NULL DEFAULT NULL,
  `branch_id` bigint(20) unsigned DEFAULT NULL,
  PRIMARY KEY (`id`),
  KEY `debts_branch_id_foreign` (`branch_id`)
) ENGINE=MyISAM AUTO_INCREMENT=26 DEFAULT CHARSET=utf8mb4 COLLATE=utf8mb4_unicode_ci;
/*!40101 SET character_set_client = @saved_cs_client */;

--
-- Dumping data for table `debts`
--

LOCK TABLES `debts` WRITE;
/*!40000 ALTER TABLE `debts` DISABLE KEYS */;
INSERT INTO `debts` VALUES (1,'مدحت جارنا ورا المحل','0','دائن',110.00,0.00,'شراء طباخه','general','2025-10-12',NULL,'2025-10-12 12:49:13','2025-10-12 12:49:13',1),(2,'أبو حسين الترتوري','0','دائن',320.00,0.00,'ميموري + كاميرا + 30 باقي حق دخان','general','2025-10-01',NULL,'2025-10-13 09:32:11','2025-10-28 10:58:53',1),(3,'طارق فادي النجار','0592150056','مدين',10.00,0.00,'باقي مبلغ 70 شيكل صيانة','general','2025-10-20',NULL,'2025-10-28 10:57:33','2025-10-28 10:57:33',1),(4,'عمر أبو كوش','0594033723','مدين',50.00,0.00,'باقي مبلغ صيانة','general','2025-10-21','2025-10-23','2025-10-28 11:14:21','2025-10-28 11:14:21',1),(5,'محمد أبو عريضة','0595873258','دائن',30.00,0.00,'محمد أبو عريضة	MSI	GF63 صيانة','general','2025-10-25',NULL,'2025-10-28 11:32:47','2025-10-28 11:32:47',1),(6,'عدي صليبي','0597526355','مدين',20.00,0.00,'باقي حساب صيانة لابتوب','general','2025-10-27',NULL,'2025-10-28 12:53:50','2025-10-28 12:53:50',1),(7,'أبو ايوب','0567238200','دائن',0.00,10.00,'رصيد جوال','general','2025-10-28','2025-10-29','2025-10-29 06:53:12','2025-10-29 14:41:17',1),(8,'باقي حساب ميموري','0','مدين',10.00,0.00,'باقي حساب ميموري 10 شيكل','general','2025-10-29',NULL,'2025-10-29 10:30:03','2025-10-29 10:30:03',1),(9,'أبو ايوب','0567238200','دائن',20.00,0.00,'أخذ 20 شيكل كاش','general','2025-10-29','2025-10-29','2025-10-29 13:45:32','2025-10-29 14:41:09',1),(10,'أحمد الغلبان','0599184059','مدين',20.00,0.00,'باقي صيانة ذراعات','general','2025-10-26','2025-10-29','2025-10-29 13:55:39','2025-10-29 13:55:39',1),(11,'مجهول','0','مدين',10.00,0.00,'10 شيكل دين باقي حساب شاحن لينوفو بدون كابل','general','2025-10-30',NULL,'2025-10-30 07:26:12','2025-10-30 07:26:12',1),(12,'محمد رمزي','0597253713','دائن',0.00,40.00,'سعر تنزيل ويندوز','general','2025-10-29',NULL,'2025-10-30 11:38:43','2025-10-30 11:38:43',1),(13,'محمود الحج','0598515020','مدين',20.00,0.00,'باقي حساب صيانة\r\nتم سداد بتاريخ 1/11/2025','general','2025-10-30','2025-11-01','2025-10-30 12:57:44','2025-11-02 04:25:27',1),(14,'أبو ايوب','0567238200','مدين',16.00,0.00,'باقي حساب','general','2025-10-30','2025-11-01','2025-10-30 14:36:13','2025-11-01 13:47:00',1),(15,'أبو ايوب','0567238200','مدين',19.00,0.00,'باقي حساب','general','2025-11-01','2025-11-02','2025-11-01 13:47:26','2025-11-02 14:15:30',1),(16,'اسماعيل البشيتي','0595636675','دائن',10.00,0.00,'10 كاش باقي شراء ماوس تجاري','general','2025-11-02',NULL,'2025-11-02 08:57:19','2025-11-02 08:57:19',1),(17,'مجهول','0','مدين',40.00,0.00,'باقي 50 شيكل تركه عنا للزق جلدة لابتوب','general','2025-10-26','2025-11-02','2025-11-02 09:59:51','2025-11-02 09:59:51',1),(18,'صقر النحال','05933609881','مدين',5.00,0.00,'باقي سعر اضافة هارد 160G + تنزيل ويندوز','general','2025-11-02',NULL,'2025-11-02 10:00:26','2025-11-02 10:00:26',1),(19,'يامن القصاص','0592204475','مدين',20.00,0.00,'باقي حساب مايك + مروحة لابتوب\r\nتم سداده من أبوه أخد 20 شيكل','general','2025-11-03','2025-11-04','2025-11-03 09:47:47','2025-11-04 08:38:26',1),(20,'طارق اللحام','0597477326','مدين',30.00,0.00,'باقي حساب فلاش 32G دفع 100 شيكل','general','2025-11-03',NULL,'2025-11-03 09:58:10','2025-11-03 09:58:10',1),(21,'الاتصالات الفلسطينية','0','دائن',0.00,450.00,'حساب الانترنت','general','2025-11-02',NULL,'2025-11-05 06:43:22','2025-11-05 06:43:22',1),(22,'فاطمة الكحلوت','0595027912','مدين',5.00,0.00,'تنظيف كامل باقي للزبون 5 شيكل.','general','2025-11-08',NULL,'2025-11-09 07:03:16','2025-11-09 07:03:16',1),(23,'أبو ايوب','0567238200','مدين',36.00,0.00,'باقي حساب','general','2025-11-08','2025-11-09','2025-11-09 07:04:28','2025-11-11 05:47:54',1),(24,'رهام سامي شبير','0599860135','دائن',10.00,0.00,'حساب تفعيل الأوفيس','general','2025-11-09',NULL,'2025-11-09 09:06:48','2025-11-09 09:06:48',1),(25,'محمد عابد','0','مدين',10.00,0.00,'باقي حساب قاعدة ماوس بتاريخ 10/11/2025','general','2025-11-10',NULL,'2025-11-11 06:19:34','2025-11-11 06:19:34',1);
/*!40000 ALTER TABLE `debts` ENABLE KEYS */;
UNLOCK TABLES;

--
-- Table structure for table `failed_jobs`
--

DROP TABLE IF EXISTS `failed_jobs`;
/*!40101 SET @saved_cs_client     = @@character_set_client */;
/*!40101 SET character_set_client = utf8 */;
CREATE TABLE `failed_jobs` (
  `id` bigint(20) unsigned NOT NULL AUTO_INCREMENT,
  `uuid` varchar(191) COLLATE utf8mb4_unicode_ci NOT NULL,
  `connection` text COLLATE utf8mb4_unicode_ci NOT NULL,
  `queue` text COLLATE utf8mb4_unicode_ci NOT NULL,
  `payload` longtext COLLATE utf8mb4_unicode_ci NOT NULL,
  `exception` longtext COLLATE utf8mb4_unicode_ci NOT NULL,
  `failed_at` timestamp NOT NULL DEFAULT CURRENT_TIMESTAMP,
  PRIMARY KEY (`id`),
  UNIQUE KEY `failed_jobs_uuid_unique` (`uuid`)
) ENGINE=MyISAM DEFAULT CHARSET=utf8mb4 COLLATE=utf8mb4_unicode_ci;
/*!40101 SET character_set_client = @saved_cs_client */;

--
-- Dumping data for table `failed_jobs`
--

LOCK TABLES `failed_jobs` WRITE;
/*!40000 ALTER TABLE `failed_jobs` DISABLE KEYS */;
/*!40000 ALTER TABLE `failed_jobs` ENABLE KEYS */;
UNLOCK TABLES;

--
-- Table structure for table `invoice_items`
--

DROP TABLE IF EXISTS `invoice_items`;
/*!40101 SET @saved_cs_client     = @@character_set_client */;
/*!40101 SET character_set_client = utf8 */;
CREATE TABLE `invoice_items` (
  `id` bigint(20) unsigned NOT NULL AUTO_INCREMENT,
  `invoice_id` bigint(20) unsigned NOT NULL,
  `item_number` int(11) NOT NULL,
  `description` text COLLATE utf8mb4_unicode_ci NOT NULL,
  `quantity` int(11) NOT NULL,
  `unit_price` decimal(10,2) NOT NULL,
  `total_price` decimal(10,2) NOT NULL,
  `created_at` timestamp NULL DEFAULT NULL,
  `updated_at` timestamp NULL DEFAULT NULL,
  `branch_id` bigint(20) unsigned DEFAULT NULL,
  PRIMARY KEY (`id`),
  KEY `invoice_items_invoice_id_foreign` (`invoice_id`),
  KEY `invoice_items_branch_id_foreign` (`branch_id`)
) ENGINE=MyISAM AUTO_INCREMENT=30 DEFAULT CHARSET=utf8mb4 COLLATE=utf8mb4_unicode_ci;
/*!40101 SET character_set_client = @saved_cs_client */;

--
-- Dumping data for table `invoice_items`
--

LOCK TABLES `invoice_items` WRITE;
/*!40000 ALTER TABLE `invoice_items` DISABLE KEYS */;
INSERT INTO `invoice_items` VALUES (1,1,1,'مشكلة في دائرة الـ PWOER',1,150.00,150.00,'2025-10-13 07:09:26','2025-10-13 07:09:26',1),(2,2,1,'صيانة لابتوب Tushiba C55 مشكلة في دائرة الـ PWOER',1,150.00,150.00,'2025-10-13 07:14:12','2025-10-13 07:14:12',1),(3,3,1,'لابتوب HP - 15 core i5-10th Ram 8G NVME 256G NIVIDA MX 130 4G',1,3000.00,3000.00,'2025-10-16 07:36:39','2025-10-16 07:36:39',1),(4,3,2,'Windwos 10 Pro + Drivers + Apps',1,50.00,50.00,'2025-10-16 07:36:39','2025-10-16 07:36:39',1),(5,3,3,'شاحن أصلي',1,0.00,0.00,'2025-10-16 07:36:39','2025-10-16 07:36:39',1),(6,3,4,'حقيبة صغيرة',1,0.00,0.00,'2025-10-16 07:36:39','2025-10-16 07:36:39',1),(7,3,5,'ماوس MT-049 + قاعدة للماوس',1,40.00,40.00,'2025-10-16 07:36:39','2025-10-16 07:36:39',1),(8,4,1,'لوحة مفاتيح HP K200',3,65.00,195.00,'2025-10-19 04:49:06','2025-10-19 04:49:06',1),(9,4,2,'ماوس MT-049',3,45.00,135.00,'2025-10-19 04:49:06','2025-10-19 04:49:06',1),(10,5,1,'ماوس نوع GigaMax MT-049',1,40.00,40.00,'2025-10-19 12:15:18','2025-10-19 12:15:18',1),(11,6,1,'سماعة GIGAMAX G2 محيطية',1,170.00,170.00,'2025-10-20 12:08:46','2025-10-20 12:08:46',1),(12,7,1,'ماوس تجاري شعبي',1,20.00,20.00,'2025-10-21 10:58:48','2025-10-21 10:58:48',1),(13,8,1,'سماعة GIGAMAX HS-28 محيطية',2,150.00,300.00,'2025-10-23 11:17:30','2025-10-23 11:17:30',1),(14,9,1,'لابتوب Casper Excalibur G860 Core i7-7700HQ Ram 16G',1,3600.00,3600.00,'2025-10-29 13:06:16','2025-10-29 13:06:16',1),(15,9,2,'NVME SSD 120G + 512 HDD',1,0.00,0.00,'2025-10-29 13:06:16','2025-10-29 13:06:16',1),(16,9,3,'شاحن أصلي',1,0.00,0.00,'2025-10-29 13:06:16','2025-10-29 13:06:16',1),(17,9,4,'ماوس GIGAMAX MT-049',1,0.00,0.00,'2025-10-29 13:06:16','2025-10-29 13:06:16',1),(18,9,5,'لزقة لغة عربي',1,0.00,0.00,'2025-10-29 13:06:16','2025-10-29 13:06:16',1),(19,10,1,'لابتوب Acer Aspire 3 Core i3-10th Ram 8G SSD 240G',1,2400.00,2400.00,'2025-10-29 13:23:48','2025-10-29 13:23:48',1),(20,10,2,'ماوس هدية',1,0.00,0.00,'2025-10-29 13:23:48','2025-10-29 13:23:48',1),(21,10,3,'شاحن كرتونة + باور شاحن',1,0.00,0.00,'2025-10-29 13:23:48','2025-10-29 13:23:48',1),(22,11,1,'لابتوب Casper Excalibur G860 i7-7th Ram-16',1,3600.00,3600.00,'2025-10-30 13:54:34','2025-10-30 13:54:34',1),(23,11,2,'NVME-120+1T HDD GTX-1060-6G',1,0.00,0.00,'2025-10-30 13:54:34','2025-10-30 13:54:34',1),(24,11,3,'ماوس نوع GigaMax MT-049',1,0.00,0.00,'2025-10-30 13:54:34','2025-10-30 13:54:34',1),(25,12,1,'لابتوب HP -15 Core i3-1135G7 Ram 8G SSD M2 256G NVIDIA MX 450 2G',1,3300.00,3300.00,'2025-11-01 09:49:47','2025-11-01 09:49:47',1),(26,12,2,'شاحن اصلي',1,0.00,0.00,'2025-11-01 09:49:47','2025-11-01 09:49:47',1),(27,12,3,'ماوس هدية',1,0.00,0.00,'2025-11-01 09:49:47','2025-11-01 09:49:47',1),(28,12,4,'حقيبة ظهر',1,90.00,90.00,'2025-11-01 09:49:47','2025-11-01 09:49:47',1),(29,13,1,'لوحة مفاتيح View Sonic CW1260',1,130.00,130.00,'2025-11-13 09:14:45','2025-11-13 09:14:45',1);
/*!40000 ALTER TABLE `invoice_items` ENABLE KEYS */;
UNLOCK TABLES;

--
-- Table structure for table `invoices`
--

DROP TABLE IF EXISTS `invoices`;
/*!40101 SET @saved_cs_client     = @@character_set_client */;
/*!40101 SET character_set_client = utf8 */;
CREATE TABLE `invoices` (
  `id` bigint(20) unsigned NOT NULL AUTO_INCREMENT,
  `customer_name` varchar(191) COLLATE utf8mb4_unicode_ci NOT NULL,
  `invoice_date` date NOT NULL,
  `invoice_number` varchar(191) COLLATE utf8mb4_unicode_ci NOT NULL,
  `notes` text COLLATE utf8mb4_unicode_ci,
  `total_amount` decimal(10,2) NOT NULL DEFAULT '0.00',
  `discount_amount` decimal(10,2) NOT NULL DEFAULT '0.00',
  `afterDiscount_amount` decimal(10,2) NOT NULL DEFAULT '0.00',
  `created_at` timestamp NULL DEFAULT NULL,
  `updated_at` timestamp NULL DEFAULT NULL,
  `branch_id` bigint(20) unsigned DEFAULT NULL,
  PRIMARY KEY (`id`),
  UNIQUE KEY `invoices_invoice_number_unique` (`invoice_number`),
  KEY `invoices_branch_id_foreign` (`branch_id`)
) ENGINE=MyISAM AUTO_INCREMENT=14 DEFAULT CHARSET=utf8mb4 COLLATE=utf8mb4_unicode_ci;
/*!40101 SET character_set_client = @saved_cs_client */;

--
-- Dumping data for table `invoices`
--

LOCK TABLES `invoices` WRITE;
/*!40000 ALTER TABLE `invoices` DISABLE KEYS */;
INSERT INTO `invoices` VALUES (2,'جمعية اعمار للتنمية والتأهيل','2025-10-13','INV-202510136109',NULL,150.00,20.00,130.00,'2025-10-13 07:14:12','2025-10-13 07:14:12',1),(3,'أحمد الفران','2025-10-16','INV-202510169048','ضمان 24 ساعة تجريب خالي من الكسر أو الحرق\nتم دفع المبلغ بنكي بالكامل',3090.00,100.00,2990.00,'2025-10-16 07:36:39','2025-10-16 07:36:39',1),(4,'شركة التحرير للبترول','2025-10-19','INV-202510195692',NULL,330.00,30.00,300.00,'2025-10-19 04:49:06','2025-10-19 04:49:06',1),(5,'مطعم Sky View','2025-10-19','INV-202510193757',NULL,40.00,0.00,40.00,'2025-10-19 12:15:18','2025-10-19 12:15:18',1),(6,'UNRWA دائرة التعليم','2025-10-20','INV-202510207479',NULL,170.00,20.00,150.00,'2025-10-20 12:08:46','2025-10-20 12:08:46',1),(7,'سوبر ماركت المدينة','2025-10-21','INV-202510214824','الدفع بنكي كامل',20.00,0.00,20.00,'2025-10-21 10:58:48','2025-10-21 10:58:48',1),(8,'UNRWA دائرة التعليم','2025-10-23','INV-202510237188',NULL,300.00,0.00,300.00,'2025-10-23 11:17:30','2025-10-23 11:17:30',1),(11,'محمود أبو طير','2025-10-30','INV-202510303085','ضمان 24 ساعة خلي الكسر و الحرق',3600.00,0.00,3600.00,'2025-10-30 13:54:34','2025-10-30 13:54:34',1),(10,'اليمان ماركت','2025-10-29','INV-202510297028','ضمان 24 ساعة خالي الكسر أو الحرق',2400.00,0.00,2400.00,'2025-10-29 13:23:48','2025-10-29 13:23:48',1),(12,'مكسرات الشام (أبو عقلين)','2025-11-01','INV-202511017659','ضمان 24 ساعة خالي الكسر أو الحرق',3390.00,120.00,3270.00,'2025-11-01 09:49:47','2025-11-01 09:49:47',1),(13,'طيبة موبيل','2025-11-13','INV-202511133520',NULL,130.00,10.00,120.00,'2025-11-13 09:14:45','2025-11-13 09:14:45',1);
/*!40000 ALTER TABLE `invoices` ENABLE KEYS */;
UNLOCK TABLES;

--
-- Table structure for table `job_batches`
--

DROP TABLE IF EXISTS `job_batches`;
/*!40101 SET @saved_cs_client     = @@character_set_client */;
/*!40101 SET character_set_client = utf8 */;
CREATE TABLE `job_batches` (
  `id` varchar(191) COLLATE utf8mb4_unicode_ci NOT NULL,
  `name` varchar(191) COLLATE utf8mb4_unicode_ci NOT NULL,
  `total_jobs` int(11) NOT NULL,
  `pending_jobs` int(11) NOT NULL,
  `failed_jobs` int(11) NOT NULL,
  `failed_job_ids` longtext COLLATE utf8mb4_unicode_ci NOT NULL,
  `options` mediumtext COLLATE utf8mb4_unicode_ci,
  `cancelled_at` int(11) DEFAULT NULL,
  `created_at` int(11) NOT NULL,
  `finished_at` int(11) DEFAULT NULL,
  PRIMARY KEY (`id`)
) ENGINE=MyISAM DEFAULT CHARSET=utf8mb4 COLLATE=utf8mb4_unicode_ci;
/*!40101 SET character_set_client = @saved_cs_client */;

--
-- Dumping data for table `job_batches`
--

LOCK TABLES `job_batches` WRITE;
/*!40000 ALTER TABLE `job_batches` DISABLE KEYS */;
/*!40000 ALTER TABLE `job_batches` ENABLE KEYS */;
UNLOCK TABLES;

--
-- Table structure for table `jobs`
--

DROP TABLE IF EXISTS `jobs`;
/*!40101 SET @saved_cs_client     = @@character_set_client */;
/*!40101 SET character_set_client = utf8 */;
CREATE TABLE `jobs` (
  `id` bigint(20) unsigned NOT NULL AUTO_INCREMENT,
  `queue` varchar(191) COLLATE utf8mb4_unicode_ci NOT NULL,
  `payload` longtext COLLATE utf8mb4_unicode_ci NOT NULL,
  `attempts` tinyint(3) unsigned NOT NULL,
  `reserved_at` int(10) unsigned DEFAULT NULL,
  `available_at` int(10) unsigned NOT NULL,
  `created_at` int(10) unsigned NOT NULL,
  PRIMARY KEY (`id`),
  KEY `jobs_queue_index` (`queue`)
) ENGINE=MyISAM DEFAULT CHARSET=utf8mb4 COLLATE=utf8mb4_unicode_ci;
/*!40101 SET character_set_client = @saved_cs_client */;

--
-- Dumping data for table `jobs`
--

LOCK TABLES `jobs` WRITE;
/*!40000 ALTER TABLE `jobs` DISABLE KEYS */;
/*!40000 ALTER TABLE `jobs` ENABLE KEYS */;
UNLOCK TABLES;

--
-- Table structure for table `laptop_parts`
--

DROP TABLE IF EXISTS `laptop_parts`;
/*!40101 SET @saved_cs_client     = @@character_set_client */;
/*!40101 SET character_set_client = utf8 */;
CREATE TABLE `laptop_parts` (
  `id` bigint(20) unsigned NOT NULL AUTO_INCREMENT,
  `laptop_id` bigint(20) unsigned NOT NULL,
  `part_id` bigint(20) unsigned NOT NULL,
  `is_original` tinyint(1) NOT NULL DEFAULT '1',
  `notes` text COLLATE utf8mb4_unicode_ci,
  `created_at` timestamp NULL DEFAULT NULL,
  `updated_at` timestamp NULL DEFAULT NULL,
  `branch_id` bigint(20) unsigned DEFAULT NULL,
  PRIMARY KEY (`id`),
  UNIQUE KEY `laptop_parts_laptop_id_part_id_unique` (`laptop_id`,`part_id`),
  KEY `laptop_parts_part_id_foreign` (`part_id`),
  KEY `laptop_parts_branch_id_foreign` (`branch_id`)
) ENGINE=MyISAM AUTO_INCREMENT=76 DEFAULT CHARSET=utf8mb4 COLLATE=utf8mb4_unicode_ci;
/*!40101 SET character_set_client = @saved_cs_client */;

--
-- Dumping data for table `laptop_parts`
--

LOCK TABLES `laptop_parts` WRITE;
/*!40000 ALTER TABLE `laptop_parts` DISABLE KEYS */;
INSERT INTO `laptop_parts` VALUES (1,1,1,1,'الشاشة الأصلية للجهاز','2025-10-19 10:27:15','2025-10-19 10:27:15',1),(2,2,1,0,'متوافقة تماماً - نفس المقاس والموصل','2025-10-19 10:27:15','2025-10-19 10:27:15',1),(3,1,2,1,NULL,'2025-10-19 10:27:15','2025-10-19 10:27:15',1),(4,2,2,0,'نفس السعة والفولت','2025-10-19 10:27:15','2025-10-19 10:27:15',1),(5,1,3,1,NULL,'2025-10-19 10:27:15','2025-10-19 10:27:15',1),(6,2,3,0,NULL,'2025-10-19 10:27:15','2025-10-19 10:27:15',1),(7,3,3,0,NULL,'2025-10-19 10:27:15','2025-10-19 10:27:15',1),(8,1,4,1,NULL,'2025-10-19 10:27:15','2025-10-19 10:27:15',1),(9,1,5,1,NULL,'2025-10-19 10:27:15','2025-10-19 10:27:15',1),(10,2,5,0,NULL,'2025-10-19 10:27:15','2025-10-19 10:27:15',1),(11,3,5,0,NULL,'2025-10-19 10:27:15','2025-10-19 10:27:15',1),(12,1,6,1,NULL,'2025-10-19 10:27:15','2025-10-19 10:27:15',1),(13,2,6,1,NULL,'2025-10-19 10:27:15','2025-10-19 10:27:15',1),(14,1,7,1,NULL,'2025-10-19 10:27:15','2025-10-19 10:27:15',1),(15,1,8,1,NULL,'2025-10-19 10:27:15','2025-10-19 10:27:15',1),(16,7,1,1,'الشاشة الأصلية للجهاز','2025-10-20 11:18:16','2025-10-20 11:18:16',1),(17,8,1,0,'متوافقة تماماً - نفس المقاس والموصل','2025-10-20 11:18:16','2025-10-20 11:18:16',1),(18,7,2,1,NULL,'2025-10-20 11:18:16','2025-10-20 11:18:16',1),(19,8,2,0,'نفس السعة والفولت','2025-10-20 11:18:16','2025-10-20 11:18:16',1),(20,7,3,1,NULL,'2025-10-20 11:18:16','2025-10-20 11:18:16',1),(21,8,3,0,NULL,'2025-10-20 11:18:16','2025-10-20 11:18:16',1),(22,9,3,0,NULL,'2025-10-20 11:18:16','2025-10-20 11:18:16',1),(23,7,4,1,NULL,'2025-10-20 11:18:16','2025-10-20 11:18:16',1),(24,7,5,1,NULL,'2025-10-20 11:18:16','2025-10-20 11:18:16',1),(25,8,5,0,NULL,'2025-10-20 11:18:16','2025-10-20 11:18:16',1),(26,9,5,0,NULL,'2025-10-20 11:18:16','2025-10-20 11:18:16',1),(27,7,6,1,NULL,'2025-10-20 11:18:16','2025-10-20 11:18:16',1),(28,8,6,1,NULL,'2025-10-20 11:18:16','2025-10-20 11:18:16',1),(29,7,7,1,NULL,'2025-10-20 11:18:16','2025-10-20 11:18:16',1),(30,7,8,1,NULL,'2025-10-20 11:18:16','2025-10-20 11:18:16',1),(31,10,1,1,'الشاشة الأصلية للجهاز','2025-10-20 11:19:38','2025-10-20 11:19:38',1),(32,11,1,0,'متوافقة تماماً - نفس المقاس والموصل','2025-10-20 11:19:38','2025-10-20 11:19:38',1),(33,10,2,1,NULL,'2025-10-20 11:19:38','2025-10-20 11:19:38',1),(34,11,2,0,'نفس السعة والفولت','2025-10-20 11:19:38','2025-10-20 11:19:38',1),(35,10,3,1,NULL,'2025-10-20 11:19:38','2025-10-20 11:19:38',1),(36,11,3,0,NULL,'2025-10-20 11:19:38','2025-10-20 11:19:38',1),(37,12,3,0,NULL,'2025-10-20 11:19:38','2025-10-20 11:19:38',1),(38,10,4,1,NULL,'2025-10-20 11:19:38','2025-10-20 11:19:38',1),(39,10,5,1,NULL,'2025-10-20 11:19:38','2025-10-20 11:19:38',1),(40,11,5,0,NULL,'2025-10-20 11:19:38','2025-10-20 11:19:38',1),(41,12,5,0,NULL,'2025-10-20 11:19:38','2025-10-20 11:19:38',1),(42,10,6,1,NULL,'2025-10-20 11:19:38','2025-10-20 11:19:38',1),(43,11,6,1,NULL,'2025-10-20 11:19:38','2025-10-20 11:19:38',1),(44,10,7,1,NULL,'2025-10-20 11:19:38','2025-10-20 11:19:38',1),(45,10,8,1,NULL,'2025-10-20 11:19:38','2025-10-20 11:19:38',1),(46,13,1,1,'الشاشة الأصلية للجهاز','2025-10-21 03:20:57','2025-10-21 03:20:57',1),(47,14,1,0,'متوافقة تماماً - نفس المقاس والموصل','2025-10-21 03:20:57','2025-10-21 03:20:57',1),(48,13,2,1,NULL,'2025-10-21 03:20:57','2025-10-21 03:20:57',1),(49,14,2,0,'نفس السعة والفولت','2025-10-21 03:20:57','2025-10-21 03:20:57',1),(50,13,3,1,NULL,'2025-10-21 03:20:57','2025-10-21 03:20:57',1),(51,14,3,0,NULL,'2025-10-21 03:20:57','2025-10-21 03:20:57',1),(52,15,3,0,NULL,'2025-10-21 03:20:57','2025-10-21 03:20:57',1),(53,13,4,1,NULL,'2025-10-21 03:20:57','2025-10-21 03:20:57',1),(54,13,5,1,NULL,'2025-10-21 03:20:57','2025-10-21 03:20:57',1),(55,14,5,0,NULL,'2025-10-21 03:20:57','2025-10-21 03:20:57',1),(56,15,5,0,NULL,'2025-10-21 03:20:57','2025-10-21 03:20:57',1),(57,13,6,1,NULL,'2025-10-21 03:20:57','2025-10-21 03:20:57',1),(58,14,6,1,NULL,'2025-10-21 03:20:57','2025-10-21 03:20:57',1),(59,13,7,1,NULL,'2025-10-21 03:20:57','2025-10-21 03:20:57',1),(60,13,8,1,NULL,'2025-10-21 03:20:57','2025-10-21 03:20:57',1),(61,16,1,1,'الشاشة الأصلية للجهاز','2025-11-17 06:54:00','2025-11-17 06:54:00',NULL),(62,17,1,0,'متوافقة تماماً - نفس المقاس والموصل','2025-11-17 06:54:00','2025-11-17 06:54:00',NULL),(63,16,2,1,NULL,'2025-11-17 06:54:00','2025-11-17 06:54:00',NULL),(64,17,2,0,'نفس السعة والفولت','2025-11-17 06:54:00','2025-11-17 06:54:00',NULL),(65,16,3,1,NULL,'2025-11-17 06:54:00','2025-11-17 06:54:00',NULL),(66,17,3,0,NULL,'2025-11-17 06:54:00','2025-11-17 06:54:00',NULL),(67,18,3,0,NULL,'2025-11-17 06:54:00','2025-11-17 06:54:00',NULL),(68,16,4,1,NULL,'2025-11-17 06:54:00','2025-11-17 06:54:00',NULL),(69,16,5,1,NULL,'2025-11-17 06:54:00','2025-11-17 06:54:00',NULL),(70,17,5,0,NULL,'2025-11-17 06:54:00','2025-11-17 06:54:00',NULL),(71,18,5,0,NULL,'2025-11-17 06:54:00','2025-11-17 06:54:00',NULL),(72,16,6,1,NULL,'2025-11-17 06:54:00','2025-11-17 06:54:00',NULL),(73,17,6,1,NULL,'2025-11-17 06:54:00','2025-11-17 06:54:00',NULL),(74,16,7,1,NULL,'2025-11-17 06:54:00','2025-11-17 06:54:00',NULL),(75,16,8,1,NULL,'2025-11-17 06:54:00','2025-11-17 06:54:00',NULL);
/*!40000 ALTER TABLE `laptop_parts` ENABLE KEYS */;
UNLOCK TABLES;

--
-- Table structure for table `laptops`
--

DROP TABLE IF EXISTS `laptops`;
/*!40101 SET @saved_cs_client     = @@character_set_client */;
/*!40101 SET character_set_client = utf8 */;
CREATE TABLE `laptops` (
  `id` bigint(20) unsigned NOT NULL AUTO_INCREMENT,
  `brand` varchar(191) COLLATE utf8mb4_unicode_ci NOT NULL,
  `model` varchar(191) COLLATE utf8mb4_unicode_ci NOT NULL,
  `description` text COLLATE utf8mb4_unicode_ci,
  `image` varchar(191) COLLATE utf8mb4_unicode_ci DEFAULT NULL,
  `created_at` timestamp NULL DEFAULT NULL,
  `updated_at` timestamp NULL DEFAULT NULL,
  `branch_id` bigint(20) unsigned DEFAULT NULL,
  PRIMARY KEY (`id`),
  KEY `laptops_branch_id_foreign` (`branch_id`)
) ENGINE=MyISAM AUTO_INCREMENT=19 DEFAULT CHARSET=utf8mb4 COLLATE=utf8mb4_unicode_ci;
/*!40101 SET character_set_client = @saved_cs_client */;

--
-- Dumping data for table `laptops`
--

LOCK TABLES `laptops` WRITE;
/*!40000 ALTER TABLE `laptops` DISABLE KEYS */;
INSERT INTO `laptops` VALUES (1,'HP','250 G6','جهاز HP للأعمال والدراسة',NULL,'2025-10-19 10:27:15','2025-10-19 10:27:15',1),(2,'Lenovo','Ideapad 110','جهاز Lenovo متعدد الاستخدامات',NULL,'2025-10-19 10:27:15','2025-10-19 10:27:15',1),(3,'Dell','Inspiron 15 3000','جهاز Dell موثوق',NULL,'2025-10-19 10:27:15','2025-10-19 10:27:15',1),(4,'HP','250 G6','جهاز HP للأعمال والدراسة',NULL,'2025-10-20 11:16:15','2025-10-20 11:16:15',1),(5,'Lenovo','Ideapad 110','جهاز Lenovo متعدد الاستخدامات',NULL,'2025-10-20 11:16:15','2025-10-20 11:16:15',1),(6,'Dell','Inspiron 15 3000','جهاز Dell موثوق',NULL,'2025-10-20 11:16:15','2025-10-20 11:16:15',1),(7,'HP','250 G6','جهاز HP للأعمال والدراسة',NULL,'2025-10-20 11:18:16','2025-10-20 11:18:16',1),(8,'Lenovo','Ideapad 110','جهاز Lenovo متعدد الاستخدامات',NULL,'2025-10-20 11:18:16','2025-10-20 11:18:16',1),(9,'Dell','Inspiron 15 3000','جهاز Dell موثوق',NULL,'2025-10-20 11:18:16','2025-10-20 11:18:16',1),(10,'HP','250 G6','جهاز HP للأعمال والدراسة',NULL,'2025-10-20 11:19:38','2025-10-20 11:19:38',1),(11,'Lenovo','Ideapad 110','جهاز Lenovo متعدد الاستخدامات',NULL,'2025-10-20 11:19:38','2025-10-20 11:19:38',1),(12,'Dell','Inspiron 15 3000','جهاز Dell موثوق',NULL,'2025-10-20 11:19:38','2025-10-20 11:19:38',1),(13,'HP','250 G6','جهاز HP للأعمال والدراسة',NULL,'2025-10-21 03:20:57','2025-10-21 03:20:57',1),(14,'Lenovo','Ideapad 110','جهاز Lenovo متعدد الاستخدامات',NULL,'2025-10-21 03:20:57','2025-10-21 03:20:57',1),(15,'Dell','Inspiron 15 3000','جهاز Dell موثوق',NULL,'2025-10-21 03:20:57','2025-10-21 03:20:57',1),(16,'HP','250 G6','جهاز HP للأعمال والدراسة',NULL,'2025-11-17 06:54:00','2025-11-17 06:54:00',NULL),(17,'Lenovo','Ideapad 110','جهاز Lenovo متعدد الاستخدامات',NULL,'2025-11-17 06:54:00','2025-11-17 06:54:00',NULL),(18,'Dell','Inspiron 15 3000','جهاز Dell موثوق',NULL,'2025-11-17 06:54:00','2025-11-17 06:54:00',NULL);
/*!40000 ALTER TABLE `laptops` ENABLE KEYS */;
UNLOCK TABLES;

--
-- Table structure for table `maintenance_deposits`
--

DROP TABLE IF EXISTS `maintenance_deposits`;
/*!40101 SET @saved_cs_client     = @@character_set_client */;
/*!40101 SET character_set_client = utf8 */;
CREATE TABLE `maintenance_deposits` (
  `id` bigint(20) unsigned NOT NULL AUTO_INCREMENT,
  `piece` varchar(191) COLLATE utf8mb4_unicode_ci NOT NULL,
  `type` varchar(191) COLLATE utf8mb4_unicode_ci NOT NULL,
  `reason` varchar(191) COLLATE utf8mb4_unicode_ci NOT NULL,
  `taken_at` timestamp NOT NULL,
  `returned_at` timestamp NULL DEFAULT NULL,
  `created_at` timestamp NULL DEFAULT NULL,
  `updated_at` timestamp NULL DEFAULT NULL,
  `branch_id` bigint(20) unsigned DEFAULT NULL,
  PRIMARY KEY (`id`),
  KEY `maintenance_deposits_branch_id_foreign` (`branch_id`)
) ENGINE=MyISAM AUTO_INCREMENT=7 DEFAULT CHARSET=utf8mb4 COLLATE=utf8mb4_unicode_ci;
/*!40101 SET character_set_client = @saved_cs_client */;

--
-- Dumping data for table `maintenance_deposits`
--

LOCK TABLES `maintenance_deposits` WRITE;
/*!40000 ALTER TABLE `maintenance_deposits` DISABLE KEYS */;
INSERT INTO `maintenance_deposits` VALUES (1,'ram','4G DDR4','تجريب','2025-09-29 09:06:00',NULL,'2025-10-12 12:10:22','2025-10-12 12:10:22',1),(2,'ram','4G DDR3','تجريب','2025-09-29 09:10:00',NULL,'2025-10-12 12:10:45','2025-10-12 12:10:45',1),(3,'ram','4G DDR3L','تجريب','2025-09-29 09:10:00',NULL,'2025-10-12 12:11:03','2025-10-12 12:11:03',1),(4,'لابتوب','HP - 15 أبيض رايزون مذر فارغة فقط مروحة','للصيانة','2025-10-02 09:12:00','2025-10-20 13:32:00','2025-10-12 12:13:02','2025-10-21 10:32:22',1),(5,'شاحن','تجاري','تجريب','2025-10-02 09:13:00',NULL,'2025-10-12 12:13:30','2025-10-12 12:13:30',1),(6,'شاحن','Lenovo بدون كابل','تجريب','2025-10-15 11:41:00','2025-10-15 12:09:00','2025-10-15 08:41:41','2025-10-15 09:10:00',1);
/*!40000 ALTER TABLE `maintenance_deposits` ENABLE KEYS */;
UNLOCK TABLES;

--
-- Table structure for table `maintenance_parts`
--

DROP TABLE IF EXISTS `maintenance_parts`;
/*!40101 SET @saved_cs_client     = @@character_set_client */;
/*!40101 SET character_set_client = utf8 */;
CREATE TABLE `maintenance_parts` (
  `id` bigint(20) unsigned NOT NULL AUTO_INCREMENT,
  `device_name` varchar(191) COLLATE utf8mb4_unicode_ci NOT NULL,
  `brand` varchar(191) COLLATE utf8mb4_unicode_ci NOT NULL,
  `model` varchar(191) COLLATE utf8mb4_unicode_ci NOT NULL,
  `screen` varchar(191) COLLATE utf8mb4_unicode_ci DEFAULT NULL,
  `motherboard` varchar(191) COLLATE utf8mb4_unicode_ci DEFAULT NULL,
  `screen_cover` varchar(191) COLLATE utf8mb4_unicode_ci DEFAULT NULL,
  `battery` varchar(191) COLLATE utf8mb4_unicode_ci DEFAULT NULL,
  `keyboard` varchar(191) COLLATE utf8mb4_unicode_ci DEFAULT NULL,
  `wifi_card` varchar(191) COLLATE utf8mb4_unicode_ci DEFAULT NULL,
  `hard_drive` varchar(191) COLLATE utf8mb4_unicode_ci DEFAULT NULL,
  `ram` varchar(191) COLLATE utf8mb4_unicode_ci DEFAULT NULL,
  `charger` varchar(191) COLLATE utf8mb4_unicode_ci DEFAULT NULL,
  `fan` varchar(191) COLLATE utf8mb4_unicode_ci DEFAULT NULL,
  `other_parts` text COLLATE utf8mb4_unicode_ci,
  `notes` text COLLATE utf8mb4_unicode_ci,
  `status` enum('متوفر','غير متوفر','قيد الطلب') COLLATE utf8mb4_unicode_ci NOT NULL DEFAULT 'متوفر',
  `created_at` timestamp NULL DEFAULT NULL,
  `updated_at` timestamp NULL DEFAULT NULL,
  `branch_id` bigint(20) unsigned DEFAULT NULL,
  PRIMARY KEY (`id`),
  KEY `maintenance_parts_branch_id_foreign` (`branch_id`)
) ENGINE=MyISAM AUTO_INCREMENT=46 DEFAULT CHARSET=utf8mb4 COLLATE=utf8mb4_unicode_ci;
/*!40101 SET character_set_client = @saved_cs_client */;

--
-- Dumping data for table `maintenance_parts`
--

LOCK TABLES `maintenance_parts` WRITE;
/*!40000 ALTER TABLE `maintenance_parts` DISABLE KEYS */;
INSERT INTO `maintenance_parts` VALUES (2,'لابتوب','HP','Pavilion G6','غير موجودة','شغالة AMD A6','موجودة','عطلان','موجود','موجود','غير موجود','غير موجود','غير موجود','موجود','الكفر بحالة جيدة',NULL,'متوفر','2025-10-14 08:33:32','2025-10-14 08:34:30',1),(3,'لابتوب','HP','Pavilion 15N','غير موجودة','عطلانة','موجود','غير موجود','موجود','موجود','غير موجود','غير موجود','غير موجود','موجود','حالة جيدة',NULL,'متوفر','2025-10-14 08:41:32','2025-10-14 08:41:32',1),(4,'لابتوب','Tushiba','C55-c2045','غير موجودة','شغالة Core i3','غير موجود','غير موجود','موجود','موجود','غير موجود','غير موجود','غير موجود','موجود','الكفر حالته أقل من جيد\nتم أخذ الذراعين',NULL,'متوفر','2025-10-14 08:43:31','2025-10-15 08:04:20',1),(5,'لابتوب','HP','250 G4','غير موجودة','شغالة Core i3-4th','موجود','غير موجود','موجود','غير موجود','غير موجود','غير موجود','غير موجود','موجود','كفر سيئ جدأ وبدون سماعات',NULL,'متوفر','2025-10-14 08:45:23','2025-10-14 08:45:23',1),(6,'لابتوب','Tushiba','C55-B865','مكسورة','شغالة Core i3-3th','موجود','غير موجود','موجود','موجود','غير موجود','غير موجود','غير موجود','موجود','الكفر بحالة سيء جدأ فقط ذراعات',NULL,'متوفر','2025-10-14 08:46:27','2025-10-14 08:46:27',1),(7,'لابتوب','ACER','E5-573','غير موجودة','عطلانة','موجود','غير موجود','عطلان','موجود','غير موجود','غير موجود','غير موجود','موجود','سماعات غير موجودة والكفر بحالة جيدة',NULL,'متوفر','2025-10-14 08:47:53','2025-10-14 08:47:53',1),(8,'لابتوب','ACER','ES-1533','مكسورة','عطلانة','موجود','غير موجود','عطلان','غير موجود','غير موجود','غير موجود','غير موجود','موجود','الكفر بحالة جيدة سماعات موجودة',NULL,'متوفر','2025-10-14 08:49:45','2025-10-14 08:49:45',1),(9,'نصف لابتوب','ACER','ES-1533','غير موجودة','عطلانة','غير موجود','غير موجود','موجود ناقص زرين','غير موجود','غير موجود','غير موجود','غير موجود','عطلانة','سماعات موجودة',NULL,'متوفر','2025-10-14 08:51:01','2025-10-14 08:51:01',1),(10,'لابتوب','ACER','7532Z','شغالة','شغالة Puntime','موجود','غير موجود','موجود','موجود','غير موجود','غير موجود','غير موجود','موجود','شغال',NULL,'متوفر','2025-10-14 08:52:29','2025-10-14 08:52:29',1),(11,'لابتوب','ACER','ES-1533','غير موجودة','تحت الفحص','موجود','غير موجود','عطلان','موجود','غير موجود','غير موجود','غير موجود','موجود','الكفر بحالة ممتازة',NULL,'متوفر','2025-10-14 08:54:01','2025-10-14 08:54:01',1),(12,'بطارية','Tushiba','C55',NULL,NULL,NULL,NULL,NULL,NULL,NULL,NULL,NULL,NULL,'عطلانة',NULL,'متوفر','2025-10-14 08:54:40','2025-10-14 08:54:40',1),(13,'بطارية','HP','250 G7',NULL,NULL,NULL,NULL,NULL,NULL,NULL,NULL,NULL,NULL,'عطلانة',NULL,'متوفر','2025-10-14 08:55:08','2025-10-14 08:55:08',1),(14,'بطارية','HP','250 G6',NULL,NULL,NULL,NULL,NULL,NULL,NULL,NULL,NULL,NULL,'عطلانة',NULL,'متوفر','2025-10-14 08:55:27','2025-10-14 08:55:27',1),(15,'بطارية','HP','250 G4',NULL,NULL,NULL,NULL,NULL,NULL,NULL,NULL,NULL,NULL,'عطلانة',NULL,'متوفر','2025-10-14 08:55:53','2025-10-14 08:55:53',1),(16,'لابتوب','HP','250 G4',NULL,NULL,NULL,NULL,NULL,NULL,NULL,NULL,NULL,NULL,'عطلانة',NULL,'متوفر','2025-10-14 08:56:03','2025-10-14 08:56:03',1),(17,'لابتوب','Lenovo','G500','غير موجودة','شغالة Core i3-3th','موجود','غير موجود','موجود','غير موجود','غير موجود','غير موجود','غير موجود','موجود','مفكك داخل ظرف',NULL,'متوفر','2025-10-14 09:04:02','2025-10-14 09:04:02',1),(18,'كيبورد','HP','250 G6',NULL,NULL,NULL,NULL,NULL,NULL,NULL,NULL,NULL,NULL,'عطلان',NULL,'متوفر','2025-10-14 09:05:51','2025-10-14 09:05:51',1),(19,'كيبورد','Lenovo','G500',NULL,NULL,NULL,NULL,NULL,NULL,NULL,NULL,NULL,NULL,'عطلان',NULL,'متوفر','2025-10-14 09:06:22','2025-10-14 09:06:22',1),(20,'شاشة','HP','250 G7',NULL,NULL,NULL,NULL,NULL,NULL,NULL,NULL,NULL,NULL,'عطلانة ومكسورة عدد 7',NULL,'متوفر','2025-10-14 09:06:51','2025-10-14 09:07:07',1),(21,'لابتوب سكني','HP','250 G6','شغالة','شغالة Core i3-7th','موجود','غير موجود','موجود','موجود','غير موجود','غير موجود','غير موجود','موجود',NULL,NULL,'متوفر','2025-10-14 11:29:13','2025-10-14 11:29:13',1),(22,'لابتوب سلفر','HP','250 G6','غير موجودة','عطلانة Core i3-7th','غير موجود','غير موجود','موجود','موجود','غير موجود','غير موجود','غير موجود','موجود',NULL,NULL,'متوفر','2025-10-14 11:30:05','2025-11-15 07:18:54',1),(23,'لابتوب سلفر','HP','250 G7','غير موجودة','شغالة Core i5-8th','موجود','غير موجود','عطلان','موجود','غير موجود','غير موجود','غير موجود','موجود',NULL,NULL,'متوفر','2025-10-14 11:31:08','2025-10-14 11:35:36',1),(24,'لابتوب سلفر','HP','250 G8','مكسورة','شغالة Core i5-9th','موجود','غير موجود','موجود','موجود','غير موجود','غير موجود','غير موجود','غير موجود','تم اخذ المروحة في صيانة جهاز',NULL,'متوفر','2025-10-14 11:32:11','2025-10-21 05:21:07',1),(25,'نصف لابتوب ذهبي','HP','250 G7','غير موجودة','عطلانة','غير موجود','غير موجود','موجود','غير موجود','غير موجود','غير موجود','غير موجود','غير موجود','تم أخذ السماعات بتاريخ 1/11/2025\r\nوارجاع سماعة عطلانة','تم أخذ الظهر + شلد الشاشة + أخذ اللوحة AMD A9','متوفر','2025-10-14 11:34:10','2025-11-12 04:25:55',1),(26,'لابتوب أسود','HP','250 G8','مكسورة','شغالة Core i5-11th','موجود','غير موجود','عطلان','موجود','غير موجود','غير موجود','غير موجود','غير موجود',NULL,'تم أخذ المروحة','متوفر','2025-10-14 11:35:14','2025-10-28 13:44:08',1),(27,'لابتوب سكني','HP','250 G8','مكسورة','شغالة Core i3-11th','موجود','غير موجود','موجود','موجود','غير موجود','غير موجود','غير موجود','غير موجود','تم أخذ مداخل USB',NULL,'متوفر','2025-10-14 11:39:05','2025-10-28 13:44:45',1),(28,'لابتوب أبيض','HP','250 G5','غير موجودة','شغالة Core i7-7th','غير موجود','غير موجود','موجود','موجود','غير موجود','غير موجود','غير موجود','موجود',NULL,NULL,'متوفر','2025-10-14 11:40:09','2025-10-14 11:40:09',1),(29,'لابتوب','Lenovo','Ideapad 3','مكسورة','شغالة Core i3-11th','موجود','موجود للفحص','موجود','موجود','غير موجود','غير موجود','غير موجود','موجود',NULL,NULL,'متوفر','2025-10-14 11:41:15','2025-10-14 11:41:15',1),(30,'لابتوب','Lenovo','Ideapad 130','غير موجودة','شغالة Core i3-6th','موجود','غير موجود','موجود','موجود','غير موجود','غير موجود','غير موجود','غير موجود',NULL,NULL,'متوفر','2025-10-14 11:43:32','2025-10-14 11:43:32',1),(31,'لابتوب','Lenovo','Ideapad 320','غير موجودة','عطلانة Core i5-7th','موجود','موجود للفحص','عطلان','غير موجود','غير موجود','غير موجود','غير موجود','موجود','تم اخذ الماوس من اللابتوب','موجود داخل كيس مفكك','متوفر','2025-10-14 11:44:35','2025-11-02 09:05:42',1),(32,'لابتوب','Lenovo','B5070','مكسورة','شغالة Core i5-5th','موجود','موجود ساعة','موجود','موجود','غير موجود','غير موجود','غير موجود','موجود',NULL,NULL,'متوفر','2025-10-14 11:45:47','2025-10-14 11:45:47',1),(33,'لابتوب أبيض','ACER','ES330','شغالة','شغالة Celeron 4th','موجود','موجود ساعتان','عطلان','موجود','غير موجود','غير موجود','غير موجود','موجود',NULL,NULL,'متوفر','2025-10-14 11:48:00','2025-10-14 11:48:00',1),(34,'لابتوب','DELL','E4300','شغالة 12بوصة','شغالة Core 2Due','موجود','غير موجود','موجود','موجود','غير موجود','غير موجود','غير موجود','موجود',NULL,NULL,'متوفر','2025-10-14 11:49:12','2025-10-28 13:48:02',1),(35,'مذربورد','Samsung','E300','غير موجودة','شغالة','غير موجود','غير موجود','غير موجود','موجود','غير موجود','غير موجود','غير موجود','غير موجود',NULL,NULL,'متوفر','2025-10-14 11:50:13','2025-10-14 11:50:13',1),(36,'مذربورد','HP','15','غير موجودة','عطلانة','غير موجود','غير موجود','غير موجود','غير موجود','غير موجود','غير موجود','غير موجود','غير موجود',NULL,'عطل في كرت الشاشة','متوفر','2025-10-14 11:51:30','2025-10-14 11:51:30',1),(37,'لابتوب','HP','250 G8','مكسورة','شغالة Rayzn 5','موجود','غير موجود','موجود','موجود','غير موجود','غير موجود','غير موجود','موجود',NULL,NULL,'متوفر','2025-10-14 11:52:50','2025-10-14 11:52:50',1),(38,'نصف لابتوب','HP','250 G4','غير موجودة','شغالة Core i3-5th','موجود','غير موجود','موجود','غير موجود','غير موجود','غير موجود','غير موجود','موجود','يوجد بداخله سماعة',NULL,'متوفر','2025-10-16 08:40:29','2025-10-16 08:40:29',1),(39,'لابتوب','HP','ProBook 450 G4','مكسورة','شغالة','موجود','موجود للفحص','موجود زر المسطرة لا يعمل','موجود','غير موجود','غير موجود','غير موجود','موجود',NULL,NULL,'متوفر','2025-10-16 08:44:42','2025-10-21 05:33:20',1),(40,'لابتوب','HP','ProBook 450 G6','غير موجودة','غير موجود','موجود','موجود 4 ساعات','عطلان','غير موجود','غير موجود','غير موجود','غير موجود','موجود','سماعات',NULL,'متوفر','2025-10-16 12:18:46','2025-10-16 12:18:57',1),(41,'لابتوب','Tushiba','C55-B1055','مكسورة','عطلانة','موجود','موجود للفحص','موجود','غير موجود','غير موجود','غير موجود','غير موجود','موجود',NULL,NULL,'متوفر','2025-10-21 10:01:34','2025-10-21 10:01:34',1),(42,'لابتوب','Lenovo','V130','غير موجودة','عطلانة','موجود','غير موجود','موجود','غير موجود','غير موجود','غير موجود','غير موجود','موجود','تم أخذ الشاشة بتاريخ 30/10/2025',NULL,'متوفر','2025-10-28 13:49:06','2025-10-30 11:32:50',NULL),(43,'لابتوب','HP','Pavilion G4','مكسورة','شغالة Core i3-3th','موجود','غير موجود','موجود','موجود','غير موجود','غير موجود','غير موجود','موجود',NULL,NULL,'متوفر','2025-11-12 04:23:50','2025-11-12 04:23:50',NULL),(44,'لابتوب','DELL','inspira 5000','غير موجودة','شغالة Core i5-8th','موجود','موجود 65% صحتها','موجود','موجود','غير موجود','غير موجود','غير موجود','موجود',NULL,NULL,'متوفر','2025-11-13 07:27:14','2025-11-13 07:27:14',NULL),(45,'لابتوب','DELL','letatue','غير موجودة','عطلانة','موجود','موجود للفحص','موجود','موجود','غير موجود','غير موجود','غير موجود','موجود','تم أخذ الشاشة بتاريخ 12/11/2025','يوجد بداخله cady','متوفر','2025-11-15 04:57:53','2025-11-15 05:40:51',NULL);
/*!40000 ALTER TABLE `maintenance_parts` ENABLE KEYS */;
UNLOCK TABLES;

--
-- Table structure for table `migrations`
--

DROP TABLE IF EXISTS `migrations`;
/*!40101 SET @saved_cs_client     = @@character_set_client */;
/*!40101 SET character_set_client = utf8 */;
CREATE TABLE `migrations` (
  `id` int(10) unsigned NOT NULL AUTO_INCREMENT,
  `migration` varchar(191) COLLATE utf8mb4_unicode_ci NOT NULL,
  `batch` int(11) NOT NULL,
  PRIMARY KEY (`id`)
) ENGINE=MyISAM AUTO_INCREMENT=597 DEFAULT CHARSET=utf8mb4 COLLATE=utf8mb4_unicode_ci;
/*!40101 SET character_set_client = @saved_cs_client */;

--
-- Dumping data for table `migrations`
--

LOCK TABLES `migrations` WRITE;
/*!40000 ALTER TABLE `migrations` DISABLE KEYS */;
INSERT INTO `migrations` VALUES (1,'0001_01_01_000000_create_users_table',1),(2,'0001_01_01_000001_create_cache_table',1),(3,'0001_01_01_000002_create_jobs_table',1),(4,'2024_03_14_000001_modify_payment_method_column_in_sales_table',1),(5,'2025_09_26_092012_create_sales_table',1),(6,'2025_09_28_000000_create_repairs_table',1),(7,'2025_09_28_100000_create_purchases_table',1),(8,'2025_09_28_110000_create_catalog_items_table',1),(9,'2025_10_02_140842_create_maintenance_deposits_table',1),(10,'2025_10_03_082304_add_status_to_repairs_table',1),(11,'2025_10_03_134031_create_obligations_table',1),(12,'2025_10_04_063533_create_invoices_table',1),(13,'2025_10_04_063559_create_invoice_items_table',1),(14,'2025_10_05_065638_create_laptops_table',1),(15,'2025_10_05_065647_create_part_types_table',1),(16,'2025_10_05_065652_create_parts_table',1),(17,'2025_10_05_065656_create_laptop_parts_table',1),(18,'2025_10_05_065701_create_part_compatibilities_table',1),(19,'2025_10_05_140216_create_customer_orders_table',1),(20,'2025_10_05_150827_create_daily_handovers_table',1),(21,'2025_10_06_081449_add_total_price_to_sales_table',2),(22,'2025_10_06_112439_create_returned_goods_table',2),(23,'2025_10_08_081932_create_stores_table',2),(24,'2025_10_09_151853_create_debts_table',2),(25,'2025_10_13_150528_create_maintenance_parts_table',2),(26,'2025_10_14_000000_add_quantity_to_sales_table',2),(27,'2025_10_15_121052_create_products_table',2),(28,'2025_10_16_132143_create_branches_table',2),(29,'2025_10_16_132305_add_branch_id_to_all_tables',2),(30,'2025_10_19_115726_add_branch_and_role_to_users',2),(31,'2025_10_19_121137_insert_default_branches',2),(549,'0001_01_01_000000_create_users_table',1),(550,'0001_01_01_000001_create_cache_table',1),(551,'0001_01_01_000002_create_jobs_table',1),(552,'2024_03_14_000001_modify_payment_method_column_in_sales_table',1),(553,'2025_09_26_092012_create_sales_table',1),(554,'2025_09_28_000000_create_repairs_table',1),(555,'2025_09_28_100000_create_purchases_table',1),(556,'2025_09_28_110000_create_catalog_items_table',1),(557,'2025_10_02_140842_create_maintenance_deposits_table',1),(558,'2025_10_03_082304_add_status_to_repairs_table',1),(559,'2025_10_03_134031_create_obligations_table',1),(560,'2025_10_04_063533_create_invoices_table',1),(561,'2025_10_04_063559_create_invoice_items_table',1),(562,'2025_10_05_065638_create_laptops_table',1),(563,'2025_10_05_065647_create_part_types_table',1),(564,'2025_10_05_065652_create_parts_table',1),(565,'2025_10_05_065656_create_laptop_parts_table',1),(566,'2025_10_05_065701_create_part_compatibilities_table',1),(567,'2025_10_05_140216_create_customer_orders_table',1),(568,'2025_10_05_150827_create_daily_handovers_table',1),(569,'2025_10_06_081449_add_total_price_to_sales_table',1),(570,'2025_10_06_112439_create_returned_goods_table',1),(571,'2025_10_08_081932_create_stores_table',1),(572,'2025_10_09_151853_create_debts_table',1),(573,'2025_10_13_150528_create_maintenance_parts_table',2),(574,'2025_10_14_000000_add_quantity_to_sales_table',3),(575,'2025_10_15_121052_create_products_table',4),(576,'2025_10_16_132143_create_branches_table',5),(577,'2025_10_16_132305_add_branch_id_to_all_tables',6),(578,'2025_10_19_115726_add_branch_and_role_to_users',7),(579,'2025_10_19_115809_create_branches_table',8),(580,'2025_10_19_121137_insert_default_branches',9),(581,'2025_10_26_000000_create_branch_permissions_table',10),(582,'2025_11_01_000001_add_home_permissions_to_users_table',11),(583,'2025_11_20_000001_create_mobile_shop_tables',12),(585,'2025_11_13_000010_add_cash_bank_to_mobile_sales_and_maintenance',13),(587,'2025_11_13_000011_add_delivery_dates_to_mobile_maintenance',14),(588,'2025_11_20_000002_add_payment_columns_to_mobile_shop_tables',14),(589,'2025_11_17_000001_drop_mobile_inventory_and_add_source_to_products',15),(590,'2025_11_17_000002_migrate_mobile_debts_to_debts',15),(591,'2025_11_17_000003_migrate_mobile_expenses_to_purchases',15),(592,'2025_11_17_000004_add_mobile_shop_permission_to_users',16),(593,'2025_11_17_000005_add_quantity_to_products_table',17),(594,'2025_11_17_000006_add_mobile_shop_columns_to_products_table',18),(595,'2025_11_20_123315_add_is_mobile_to_catalog',19),(596,'2025_11_20_123543_add_mobile_shop_permission',20);
/*!40000 ALTER TABLE `migrations` ENABLE KEYS */;
UNLOCK TABLES;

--
-- Table structure for table `mobile_maintenance`
--

DROP TABLE IF EXISTS `mobile_maintenance`;
/*!40101 SET @saved_cs_client     = @@character_set_client */;
/*!40101 SET character_set_client = utf8 */;
CREATE TABLE `mobile_maintenance` (
  `id` bigint(20) unsigned NOT NULL AUTO_INCREMENT,
  `customer_name` varchar(191) COLLATE utf8mb4_unicode_ci NOT NULL,
  `phone_number` varchar(191) COLLATE utf8mb4_unicode_ci NOT NULL,
  `problem_description` text COLLATE utf8mb4_unicode_ci NOT NULL,
  `mobile_type` varchar(191) COLLATE utf8mb4_unicode_ci NOT NULL,
  `payment_method` enum('نقدي','تطبيق','مختلط') COLLATE utf8mb4_unicode_ci NOT NULL,
  `cost` decimal(10,2) NOT NULL,
  `cash_amount` decimal(10,2) DEFAULT '0.00',
  `bank_amount` decimal(10,2) DEFAULT '0.00',
  `delivery_date` date DEFAULT NULL,
  `receipt_date` date DEFAULT NULL,
  `branch_id` bigint(20) unsigned DEFAULT NULL,
  `created_at` timestamp NULL DEFAULT NULL,
  `updated_at` timestamp NULL DEFAULT NULL,
  PRIMARY KEY (`id`),
  KEY `mobile_maintenance_branch_id_foreign` (`branch_id`)
) ENGINE=MyISAM AUTO_INCREMENT=5 DEFAULT CHARSET=utf8mb4 COLLATE=utf8mb4_unicode_ci;
/*!40101 SET character_set_client = @saved_cs_client */;

--
-- Dumping data for table `mobile_maintenance`
--

LOCK TABLES `mobile_maintenance` WRITE;
/*!40000 ALTER TABLE `mobile_maintenance` DISABLE KEYS */;
/*!40000 ALTER TABLE `mobile_maintenance` ENABLE KEYS */;
UNLOCK TABLES;

--
-- Table structure for table `mobile_sales`
--

DROP TABLE IF EXISTS `mobile_sales`;
/*!40101 SET @saved_cs_client     = @@character_set_client */;
/*!40101 SET character_set_client = utf8 */;
CREATE TABLE `mobile_sales` (
  `id` bigint(20) unsigned NOT NULL AUTO_INCREMENT,
  `product_name` varchar(191) COLLATE utf8mb4_unicode_ci NOT NULL,
  `product_type` varchar(191) COLLATE utf8mb4_unicode_ci NOT NULL,
  `quantity` int(11) NOT NULL,
  `payment_method` enum('نقدي','تطبيق','مختلط') COLLATE utf8mb4_unicode_ci NOT NULL,
  `cost` decimal(10,2) NOT NULL,
  `cash_amount` decimal(10,2) DEFAULT '0.00',
  `bank_amount` decimal(10,2) DEFAULT '0.00',
  `branch_id` bigint(20) unsigned DEFAULT NULL,
  `created_at` timestamp NULL DEFAULT NULL,
  `updated_at` timestamp NULL DEFAULT NULL,
  PRIMARY KEY (`id`),
  KEY `mobile_sales_branch_id_foreign` (`branch_id`)
) ENGINE=MyISAM AUTO_INCREMENT=2 DEFAULT CHARSET=utf8mb4 COLLATE=utf8mb4_unicode_ci;
/*!40101 SET character_set_client = @saved_cs_client */;

--
-- Dumping data for table `mobile_sales`
--

LOCK TABLES `mobile_sales` WRITE;
/*!40000 ALTER TABLE `mobile_sales` DISABLE KEYS */;
/*!40000 ALTER TABLE `mobile_sales` ENABLE KEYS */;
UNLOCK TABLES;

--
-- Table structure for table `obligations`
--

DROP TABLE IF EXISTS `obligations`;
/*!40101 SET @saved_cs_client     = @@character_set_client */;
/*!40101 SET character_set_client = utf8 */;
CREATE TABLE `obligations` (
  `id` bigint(20) unsigned NOT NULL AUTO_INCREMENT,
  `expense_type` varchar(191) COLLATE utf8mb4_unicode_ci NOT NULL,
  `payment_type` varchar(191) COLLATE utf8mb4_unicode_ci NOT NULL,
  `cash_amount` decimal(10,2) DEFAULT NULL,
  `bank_amount` decimal(10,2) DEFAULT NULL,
  `date` date NOT NULL,
  `detail` text COLLATE utf8mb4_unicode_ci,
  `created_at` timestamp NULL DEFAULT NULL,
  `updated_at` timestamp NULL DEFAULT NULL,
  `branch_id` bigint(20) unsigned DEFAULT NULL,
  PRIMARY KEY (`id`),
  KEY `obligations_branch_id_foreign` (`branch_id`)
) ENGINE=MyISAM AUTO_INCREMENT=10 DEFAULT CHARSET=utf8mb4 COLLATE=utf8mb4_unicode_ci;
/*!40101 SET character_set_client = @saved_cs_client */;

--
-- Dumping data for table `obligations`
--

LOCK TABLES `obligations` WRITE;
/*!40000 ALTER TABLE `obligations` DISABLE KEYS */;
INSERT INTO `obligations` VALUES (1,'exhibition_cost','bank',NULL,26.00,'2025-10-12','غداء','2025-10-12 12:45:59','2025-10-12 12:45:59',1),(2,'exhibition_cost','bank',NULL,30.00,'2025-10-15','غداء','2025-10-15 12:53:40','2025-10-15 12:53:40',1),(3,'rent','bank',NULL,450.00,'2025-10-30','ايجار انترنت ل 4 شهور','2025-10-30 14:38:03','2025-10-30 14:38:03',1),(4,'rent','cash',850.00,NULL,'2025-11-01','دفع اجار المحل خانيونس','2025-11-01 06:07:18','2025-11-01 06:07:18',1),(5,'exhibition_cost','bank',37.00,NULL,'2025-11-01','فاتورة شهرية','2025-11-02 04:50:48','2025-11-02 04:50:48',1),(6,'internet','cash',200.00,NULL,'2025-11-02','فاتورت انترنت شهر 11','2025-11-02 14:06:26','2025-11-02 14:06:26',1),(7,'salary','cash',1000.00,NULL,'2025-10-30','موظفين','2025-11-02 14:07:25','2025-11-02 14:07:25',1),(8,'electricity','bank',NULL,90.00,'2025-11-11','فاتورة كهرباء لسلطان لحد 36 كيلو القراءة','2025-11-11 08:13:40','2025-11-11 08:13:40',1),(9,'electricity','bank',NULL,150.00,'2025-11-17','تم دفع 40 شيكل كاش فاتورة كهرباء لسلطان من 36 كيلو لحد 41 كيلو القراءة','2025-11-17 11:11:32','2025-11-17 11:11:32',1);
/*!40000 ALTER TABLE `obligations` ENABLE KEYS */;
UNLOCK TABLES;

--
-- Table structure for table `part_compatibilities`
--

DROP TABLE IF EXISTS `part_compatibilities`;
/*!40101 SET @saved_cs_client     = @@character_set_client */;
/*!40101 SET character_set_client = utf8 */;
CREATE TABLE `part_compatibilities` (
  `id` bigint(20) unsigned NOT NULL AUTO_INCREMENT,
  `part_id` bigint(20) unsigned NOT NULL,
  `compatible_laptop_id` bigint(20) unsigned NOT NULL,
  `verified` tinyint(1) NOT NULL DEFAULT '0',
  `notes` text COLLATE utf8mb4_unicode_ci,
  `created_at` timestamp NULL DEFAULT NULL,
  `updated_at` timestamp NULL DEFAULT NULL,
  `branch_id` bigint(20) unsigned DEFAULT NULL,
  PRIMARY KEY (`id`),
  UNIQUE KEY `part_compatibilities_part_id_compatible_laptop_id_unique` (`part_id`,`compatible_laptop_id`),
  KEY `part_compatibilities_compatible_laptop_id_foreign` (`compatible_laptop_id`),
  KEY `part_compatibilities_branch_id_foreign` (`branch_id`)
) ENGINE=MyISAM DEFAULT CHARSET=utf8mb4 COLLATE=utf8mb4_unicode_ci;
/*!40101 SET character_set_client = @saved_cs_client */;

--
-- Dumping data for table `part_compatibilities`
--

LOCK TABLES `part_compatibilities` WRITE;
/*!40000 ALTER TABLE `part_compatibilities` DISABLE KEYS */;
/*!40000 ALTER TABLE `part_compatibilities` ENABLE KEYS */;
UNLOCK TABLES;

--
-- Table structure for table `part_types`
--

DROP TABLE IF EXISTS `part_types`;
/*!40101 SET @saved_cs_client     = @@character_set_client */;
/*!40101 SET character_set_client = utf8 */;
CREATE TABLE `part_types` (
  `id` bigint(20) unsigned NOT NULL AUTO_INCREMENT,
  `name` varchar(191) COLLATE utf8mb4_unicode_ci NOT NULL,
  `name_en` varchar(191) COLLATE utf8mb4_unicode_ci DEFAULT NULL,
  `created_at` timestamp NULL DEFAULT NULL,
  `updated_at` timestamp NULL DEFAULT NULL,
  `branch_id` bigint(20) unsigned DEFAULT NULL,
  PRIMARY KEY (`id`),
  KEY `part_types_branch_id_foreign` (`branch_id`)
) ENGINE=MyISAM AUTO_INCREMENT=49 DEFAULT CHARSET=utf8mb4 COLLATE=utf8mb4_unicode_ci;
/*!40101 SET character_set_client = @saved_cs_client */;

--
-- Dumping data for table `part_types`
--

LOCK TABLES `part_types` WRITE;
/*!40000 ALTER TABLE `part_types` DISABLE KEYS */;
INSERT INTO `part_types` VALUES (1,'شاشة','Screen','2025-10-19 10:27:15','2025-10-19 10:27:15',1),(2,'بطارية','Battery','2025-10-19 10:27:15','2025-10-19 10:27:15',1),(3,'لوحة أم','Motherboard','2025-10-19 10:27:15','2025-10-19 10:27:15',1),(4,'قطعة WiFi','WiFi Card','2025-10-19 10:27:15','2025-10-19 10:27:15',1),(5,'هيكل','Case','2025-10-19 10:27:15','2025-10-19 10:27:15',1),(6,'لوحة مفاتيح','Keyboard','2025-10-19 10:27:15','2025-10-19 10:27:15',1),(7,'قرص صلب','Hard Drive','2025-10-19 10:27:15','2025-10-19 10:27:15',1),(8,'ذاكرة RAM','RAM','2025-10-19 10:27:15','2025-10-19 10:27:15',1),(9,'شاشة','Screen','2025-10-20 11:16:15','2025-10-20 11:16:15',1),(10,'بطارية','Battery','2025-10-20 11:16:15','2025-10-20 11:16:15',1),(11,'لوحة أم','Motherboard','2025-10-20 11:16:15','2025-10-20 11:16:15',1),(12,'قطعة WiFi','WiFi Card','2025-10-20 11:16:15','2025-10-20 11:16:15',1),(13,'هيكل','Case','2025-10-20 11:16:15','2025-10-20 11:16:15',1),(14,'لوحة مفاتيح','Keyboard','2025-10-20 11:16:15','2025-10-20 11:16:15',1),(15,'قرص صلب','Hard Drive','2025-10-20 11:16:15','2025-10-20 11:16:15',1),(16,'ذاكرة RAM','RAM','2025-10-20 11:16:15','2025-10-20 11:16:15',1),(17,'شاشة','Screen','2025-10-20 11:18:16','2025-10-20 11:18:16',1),(18,'بطارية','Battery','2025-10-20 11:18:16','2025-10-20 11:18:16',1),(19,'لوحة أم','Motherboard','2025-10-20 11:18:16','2025-10-20 11:18:16',1),(20,'قطعة WiFi','WiFi Card','2025-10-20 11:18:16','2025-10-20 11:18:16',1),(21,'هيكل','Case','2025-10-20 11:18:16','2025-10-20 11:18:16',1),(22,'لوحة مفاتيح','Keyboard','2025-10-20 11:18:16','2025-10-20 11:18:16',1),(23,'قرص صلب','Hard Drive','2025-10-20 11:18:16','2025-10-20 11:18:16',1),(24,'ذاكرة RAM','RAM','2025-10-20 11:18:16','2025-10-20 11:18:16',1),(25,'شاشة','Screen','2025-10-20 11:19:38','2025-10-20 11:19:38',1),(26,'بطارية','Battery','2025-10-20 11:19:38','2025-10-20 11:19:38',1),(27,'لوحة أم','Motherboard','2025-10-20 11:19:38','2025-10-20 11:19:38',1),(28,'قطعة WiFi','WiFi Card','2025-10-20 11:19:38','2025-10-20 11:19:38',1),(29,'هيكل','Case','2025-10-20 11:19:38','2025-10-20 11:19:38',1),(30,'لوحة مفاتيح','Keyboard','2025-10-20 11:19:38','2025-10-20 11:19:38',1),(31,'قرص صلب','Hard Drive','2025-10-20 11:19:38','2025-10-20 11:19:38',1),(32,'ذاكرة RAM','RAM','2025-10-20 11:19:38','2025-10-20 11:19:38',1),(33,'شاشة','Screen','2025-10-21 03:20:57','2025-10-21 03:20:57',1),(34,'بطارية','Battery','2025-10-21 03:20:57','2025-10-21 03:20:57',1),(35,'لوحة أم','Motherboard','2025-10-21 03:20:57','2025-10-21 03:20:57',1),(36,'قطعة WiFi','WiFi Card','2025-10-21 03:20:57','2025-10-21 03:20:57',1),(37,'هيكل','Case','2025-10-21 03:20:57','2025-10-21 03:20:57',1),(38,'لوحة مفاتيح','Keyboard','2025-10-21 03:20:57','2025-10-21 03:20:57',1),(39,'قرص صلب','Hard Drive','2025-10-21 03:20:57','2025-10-21 03:20:57',1),(40,'ذاكرة RAM','RAM','2025-10-21 03:20:57','2025-10-21 03:20:57',1),(41,'شاشة','Screen','2025-11-17 06:54:00','2025-11-17 06:54:00',NULL),(42,'بطارية','Battery','2025-11-17 06:54:00','2025-11-17 06:54:00',NULL),(43,'لوحة أم','Motherboard','2025-11-17 06:54:00','2025-11-17 06:54:00',NULL),(44,'قطعة WiFi','WiFi Card','2025-11-17 06:54:00','2025-11-17 06:54:00',NULL),(45,'هيكل','Case','2025-11-17 06:54:00','2025-11-17 06:54:00',NULL),(46,'لوحة مفاتيح','Keyboard','2025-11-17 06:54:00','2025-11-17 06:54:00',NULL),(47,'قرص صلب','Hard Drive','2025-11-17 06:54:00','2025-11-17 06:54:00',NULL),(48,'ذاكرة RAM','RAM','2025-11-17 06:54:00','2025-11-17 06:54:00',NULL);
/*!40000 ALTER TABLE `part_types` ENABLE KEYS */;
UNLOCK TABLES;

--
-- Table structure for table `parts`
--

DROP TABLE IF EXISTS `parts`;
/*!40101 SET @saved_cs_client     = @@character_set_client */;
/*!40101 SET character_set_client = utf8 */;
CREATE TABLE `parts` (
  `id` bigint(20) unsigned NOT NULL AUTO_INCREMENT,
  `part_type_id` bigint(20) unsigned NOT NULL,
  `part_number` varchar(191) COLLATE utf8mb4_unicode_ci NOT NULL,
  `specifications` text COLLATE utf8mb4_unicode_ci,
  `price` decimal(10,2) DEFAULT NULL,
  `created_at` timestamp NULL DEFAULT NULL,
  `updated_at` timestamp NULL DEFAULT NULL,
  `branch_id` bigint(20) unsigned DEFAULT NULL,
  PRIMARY KEY (`id`),
  UNIQUE KEY `parts_part_number_unique` (`part_number`),
  KEY `parts_part_type_id_foreign` (`part_type_id`),
  KEY `parts_branch_id_foreign` (`branch_id`)
) ENGINE=MyISAM AUTO_INCREMENT=9 DEFAULT CHARSET=utf8mb4 COLLATE=utf8mb4_unicode_ci;
/*!40101 SET character_set_client = @saved_cs_client */;

--
-- Dumping data for table `parts`
--

LOCK TABLES `parts` WRITE;
/*!40000 ALTER TABLE `parts` DISABLE KEYS */;
INSERT INTO `parts` VALUES (1,1,'LCD-15.6-HD-001','\"{\\\"size\\\":\\\"15.6 inch\\\",\\\"resolution\\\":\\\"1366x768\\\",\\\"type\\\":\\\"LED\\\"}\"',150.00,'2025-11-17 06:54:00','2025-11-17 06:54:00',NULL),(2,2,'BAT-HP-41Wh','\"{\\\"capacity\\\":\\\"41Wh\\\",\\\"voltage\\\":\\\"14.6V\\\",\\\"cells\\\":\\\"4-cell\\\"}\"',80.00,'2025-11-17 06:54:00','2025-11-17 06:54:00',NULL),(3,4,'WIFI-RTL8821CE','\"{\\\"chipset\\\":\\\"Realtek RTL8821CE\\\",\\\"speed\\\":\\\"433Mbps\\\",\\\"bands\\\":\\\"Dual Band\\\"}\"',25.00,'2025-11-17 06:54:00','2025-11-17 06:54:00',NULL),(4,6,'KB-HP-250-AR','\"{\\\"layout\\\":\\\"Arabic\\\\\\/English\\\",\\\"backlight\\\":\\\"No\\\"}\"',35.00,'2025-11-17 06:54:00','2025-11-17 06:54:00',NULL),(5,8,'RAM-DDR4-8GB-2400','\"{\\\"type\\\":\\\"DDR4\\\",\\\"capacity\\\":\\\"8GB\\\",\\\"speed\\\":\\\"2400MHz\\\"}\"',60.00,'2025-11-17 06:54:00','2025-11-17 06:54:00',NULL),(6,7,'HDD-1TB-5400RPM','\"{\\\"capacity\\\":\\\"1TB\\\",\\\"speed\\\":\\\"5400RPM\\\",\\\"interface\\\":\\\"SATA III\\\"}\"',90.00,'2025-11-17 06:54:00','2025-11-17 06:54:00',NULL),(7,3,'MB-HP-250-G6-i5','\"{\\\"cpu_socket\\\":\\\"Intel i5-7200U\\\",\\\"chipset\\\":\\\"Intel HM175\\\"}\"',200.00,'2025-11-17 06:54:00','2025-11-17 06:54:00',NULL),(8,5,'CASE-HP-250-G6-BOTTOM','\"{\\\"color\\\":\\\"Black\\\",\\\"material\\\":\\\"Plastic\\\"}\"',45.00,'2025-11-17 06:54:00','2025-11-17 06:54:00',NULL);
/*!40000 ALTER TABLE `parts` ENABLE KEYS */;
UNLOCK TABLES;

--
-- Table structure for table `password_reset_tokens`
--

DROP TABLE IF EXISTS `password_reset_tokens`;
/*!40101 SET @saved_cs_client     = @@character_set_client */;
/*!40101 SET character_set_client = utf8 */;
CREATE TABLE `password_reset_tokens` (
  `email` varchar(191) COLLATE utf8mb4_unicode_ci NOT NULL,
  `token` varchar(191) COLLATE utf8mb4_unicode_ci NOT NULL,
  `created_at` timestamp NULL DEFAULT NULL,
  PRIMARY KEY (`email`)
) ENGINE=MyISAM DEFAULT CHARSET=utf8mb4 COLLATE=utf8mb4_unicode_ci;
/*!40101 SET character_set_client = @saved_cs_client */;

--
-- Dumping data for table `password_reset_tokens`
--

LOCK TABLES `password_reset_tokens` WRITE;
/*!40000 ALTER TABLE `password_reset_tokens` DISABLE KEYS */;
INSERT INTO `password_reset_tokens` VALUES ('onlinesales0597848937@gmail.com','$2y$12$hgsNRxUpcW1oFO97MZNg1.jSAf7ksD5OOGdGiPHpT6SN1J0cYwzJW','2025-10-15 06:59:25');
/*!40000 ALTER TABLE `password_reset_tokens` ENABLE KEYS */;
UNLOCK TABLES;

--
-- Table structure for table `products`
--

DROP TABLE IF EXISTS `products`;
/*!40101 SET @saved_cs_client     = @@character_set_client */;
/*!40101 SET character_set_client = utf8 */;
CREATE TABLE `products` (
  `id` bigint(20) unsigned NOT NULL AUTO_INCREMENT,
  `mobile_shop_source` tinyint(1) NOT NULL DEFAULT '0' COMMENT 'اضيف من معرض الجوال',
  `name` varchar(191) COLLATE utf8mb4_unicode_ci NOT NULL,
  `product_name` varchar(191) COLLATE utf8mb4_unicode_ci DEFAULT NULL,
  `model_type` varchar(191) COLLATE utf8mb4_unicode_ci DEFAULT NULL,
  `price` decimal(10,2) NOT NULL,
  `wholesale_price` decimal(10,2) DEFAULT NULL,
  `selling_price` decimal(10,2) DEFAULT NULL,
  `description` text COLLATE utf8mb4_unicode_ci,
  `image` varchar(191) COLLATE utf8mb4_unicode_ci DEFAULT NULL,
  `quantity` int(11) NOT NULL DEFAULT '0',
  `created_at` timestamp NULL DEFAULT NULL,
  `updated_at` timestamp NULL DEFAULT NULL,
  `branch_id` bigint(20) unsigned DEFAULT NULL,
  PRIMARY KEY (`id`),
  KEY `products_branch_id_foreign` (`branch_id`)
) ENGINE=MyISAM AUTO_INCREMENT=5 DEFAULT CHARSET=utf8mb4 COLLATE=utf8mb4_unicode_ci;
/*!40101 SET character_set_client = @saved_cs_client */;

--
-- Dumping data for table `products`
--

LOCK TABLES `products` WRITE;
/*!40000 ALTER TABLE `products` DISABLE KEYS */;
INSERT INTO `products` VALUES (1,0,'سماعة JEDEL JD-808',NULL,NULL,80.00,NULL,NULL,'JEDEL JD-808 1.5M CABLE-3.55MM PLUG HEADSET','products/vpL9brV4y0CGJd571fQ53HYCx9Tly2FOtBXDKZWY.webp',0,'2025-10-15 09:20:13','2025-10-15 09:20:13',NULL),(2,1,'Apple iPhone 13 Pro','iPhone 13 Pro','Smartphone',1200.00,1000.00,1200.00,NULL,NULL,5,'2025-11-17 07:04:35','2025-11-17 07:04:35',NULL),(3,1,'Samsung Galaxy S21','Samsung S21','Smartphone',900.00,750.00,900.00,NULL,NULL,3,'2025-11-17 07:04:35','2025-11-17 07:04:35',NULL),(4,1,'Tempered Glass Screen Protector','Screen Protector','Accessory',20.00,10.00,20.00,NULL,NULL,50,'2025-11-17 07:04:35','2025-11-17 07:04:35',NULL);
/*!40000 ALTER TABLE `products` ENABLE KEYS */;
UNLOCK TABLES;

--
-- Table structure for table `purchases`
--

DROP TABLE IF EXISTS `purchases`;
/*!40101 SET @saved_cs_client     = @@character_set_client */;
/*!40101 SET character_set_client = utf8 */;
CREATE TABLE `purchases` (
  `id` bigint(20) unsigned NOT NULL AUTO_INCREMENT,
  `item` varchar(191) COLLATE utf8mb4_unicode_ci NOT NULL,
  `type` varchar(191) COLLATE utf8mb4_unicode_ci NOT NULL,
  `quantity` int(10) unsigned NOT NULL DEFAULT '1',
  `payment_method` enum('cash','app','mixed') COLLATE utf8mb4_unicode_ci NOT NULL,
  `amount_cash` decimal(10,2) NOT NULL DEFAULT '0.00',
  `amount_bank` decimal(10,2) NOT NULL DEFAULT '0.00',
  `purchase_date` datetime DEFAULT NULL,
  `supplier_name` varchar(191) COLLATE utf8mb4_unicode_ci DEFAULT NULL,
  `phone` varchar(191) COLLATE utf8mb4_unicode_ci DEFAULT NULL,
  `id_image` varchar(191) COLLATE utf8mb4_unicode_ci DEFAULT NULL,
  `is_returned` tinyint(1) NOT NULL DEFAULT '0',
  `issue` text COLLATE utf8mb4_unicode_ci,
  `return_date` datetime DEFAULT NULL,
  `notes` text COLLATE utf8mb4_unicode_ci,
  `source` varchar(191) COLLATE utf8mb4_unicode_ci NOT NULL DEFAULT 'general' COMMENT 'general or mobile_shop',
  `deleted_at` timestamp NULL DEFAULT NULL,
  `created_at` timestamp NULL DEFAULT NULL,
  `updated_at` timestamp NULL DEFAULT NULL,
  `branch_id` bigint(20) unsigned DEFAULT NULL,
  PRIMARY KEY (`id`),
  KEY `purchases_branch_id_foreign` (`branch_id`)
) ENGINE=MyISAM AUTO_INCREMENT=32 DEFAULT CHARSET=utf8mb4 COLLATE=utf8mb4_unicode_ci;
/*!40101 SET character_set_client = @saved_cs_client */;

--
-- Dumping data for table `purchases`
--

LOCK TABLES `purchases` WRITE;
/*!40000 ALTER TABLE `purchases` DISABLE KEYS */;
INSERT INTO `purchases` VALUES (1,'رامات','Laptop RAM 8G PC4',1,'app',0.00,0.00,'2025-10-12 12:23:00',NULL,NULL,NULL,0,NULL,NULL,NULL,'general',NULL,'2025-10-12 09:23:53','2025-10-12 09:23:53',1),(2,'لابتوب','DELL E7250',1,'app',0.00,700.00,'2025-10-12 12:24:00','صلاح احمد ابو علوان','567018151','uploads/purchases/1760272218_2025-10-12.jpg',0,NULL,NULL,NULL,'general',NULL,'2025-10-12 09:30:18','2025-10-12 09:30:18',1),(3,'مشتريات','غذاء',1,'cash',30.00,0.00,'2025-10-13 15:38:00',NULL,NULL,NULL,0,NULL,NULL,NULL,'general',NULL,'2025-10-13 12:39:08','2025-10-13 12:39:08',1),(4,'هارد','hdd500',1,'cash',50.00,0.00,'2025-10-14 13:31:00','مجهول',NULL,NULL,0,NULL,NULL,NULL,'general','2025-10-14 10:34:23','2025-10-14 10:32:54','2025-10-14 10:34:23',1),(5,'ماوس','MT-049',9,'app',0.00,180.00,'2025-10-16 16:20:00','هايبرتك حمدونة',NULL,NULL,0,NULL,NULL,NULL,'general',NULL,'2025-10-16 13:24:24','2025-10-16 13:24:24',1),(6,'لابتوب','HP ProBook 450 G7 Core i5-8th Ram 8G M.2 256G',1,'mixed',0.00,0.00,'2025-10-16 13:29:00',NULL,NULL,NULL,0,NULL,NULL,NULL,'general',NULL,'2025-10-18 10:36:18','2025-10-18 10:36:18',1),(7,'رامات','Laptop RAM 8G PC4',1,'cash',100.00,0.00,'2025-10-18 13:52:00','أبو أيوب',NULL,NULL,0,NULL,NULL,NULL,'general',NULL,'2025-10-18 10:52:41','2025-10-18 10:52:41',1),(8,'شاحن','Dell أصلي عريض',1,'cash',50.00,0.00,'2025-10-19 13:23:00','منتصر أبو نحلة',NULL,NULL,0,NULL,NULL,NULL,'general',NULL,'2025-10-19 10:25:06','2025-10-19 10:25:06',1),(9,'لابتوب','HP 250 G7 i3-7th Ram 4G NVME 240G',1,'cash',650.00,0.00,'2025-10-16 13:50:00','يوسف محمد أبو سعادة','594996513',NULL,0,NULL,NULL,NULL,'general',NULL,'2025-10-19 10:52:42','2025-10-19 10:52:42',1),(10,'حقائب','كتف صغيرة',6,'app',0.00,120.00,'2025-10-22 13:20:00','هايبرتك حمدونة','0597444080',NULL,0,NULL,NULL,NULL,'general',NULL,'2025-10-25 10:33:08','2025-10-25 10:33:08',1),(11,'سماعة','Gigamax HS-28',8,'app',0.00,520.00,'2025-10-22 13:33:00','هايبرتك حمدونة','0597444080',NULL,0,NULL,NULL,NULL,'general',NULL,'2025-10-25 10:34:55','2025-10-25 10:34:55',1),(12,'سماعة','Gigamax HS-28',10,'app',0.00,650.00,'2025-10-26 11:47:00','هايبرتك حمدونة','0597444080',NULL,0,NULL,NULL,NULL,'general',NULL,'2025-10-27 04:54:21','2025-10-27 04:54:21',1),(13,'لابتوب','HP 15R  i3-4th Ram 8G HDD 512G',1,'app',0.00,180.00,'2025-10-23 10:54:00','إبراهيم سلمان الزقزوق','0592851745',NULL,0,NULL,NULL,NULL,'general',NULL,'2025-10-27 05:00:18','2025-10-27 05:00:18',1),(14,'لابتوب','HP 15 i7-8th Ram 8G SSD 240G',1,'cash',300.00,0.00,'2025-10-23 16:00:00','يعقوب صقر','0592734014',NULL,0,NULL,NULL,'متبقي شاحن','general',NULL,'2025-10-27 05:01:24','2025-10-27 05:01:24',1),(15,'لابتوب','HP 15 i7-8th Ram 8G SSD 240G',1,'cash',300.00,0.00,'2025-10-23 16:07:00','يعقوب صقر','0592734014','uploads/purchases/1761548750_1761224622288.jpg',0,NULL,NULL,'متبقي شاحن','general',NULL,'2025-10-27 05:05:50','2025-10-27 05:05:50',1),(16,'لابتوب','Acer Aspire 3 Core i3-10th Ram 8G SSD 240G',1,'app',0.00,1100.00,'2025-10-27 15:56:00',NULL,NULL,NULL,0,NULL,NULL,NULL,'general',NULL,'2025-10-29 14:03:22','2025-10-29 14:03:22',1),(17,'مشتريات للمعرض','ادوات كهربائية ( شتكر + فيش )',1,'cash',40.00,0.00,'2025-10-30 16:38:00',NULL,NULL,NULL,0,NULL,NULL,NULL,'general',NULL,'2025-10-30 14:41:33','2025-10-30 14:41:33',1),(18,'مشتريات','مصروفات',1,'cash',3.00,0.00,'2025-11-01 14:30:00',NULL,NULL,NULL,0,NULL,NULL,NULL,'general',NULL,'2025-11-02 04:30:43','2025-11-02 04:30:43',1),(19,'لابتوب','Lenovo ThinkBook 15-iil core i3-10th Ram 8G NVME 256G',1,'app',0.00,1228.00,'2025-10-25 13:41:00','محمد صبحي أبو عويضة','0599246829',NULL,0,NULL,NULL,NULL,'general',NULL,'2025-11-02 05:12:12','2025-11-02 05:12:12',1),(20,'لابتوب','Lenovo 80TV Core i5-7th Ram 8 SSD 240',1,'app',0.00,800.00,'2025-10-25 13:12:00',NULL,NULL,NULL,0,NULL,NULL,NULL,'general',NULL,'2025-11-02 05:13:48','2025-11-02 05:13:48',1),(21,'لابتوب','Acer Aspire E15 Core i7-7th Ram 8G NVME 240G',1,'app',0.00,1500.00,'2025-10-25 14:14:00','أحمد محمد نعيم','0592299353',NULL,0,NULL,NULL,NULL,'general',NULL,'2025-11-02 05:15:25','2025-11-02 05:15:25',1),(22,'لابتوب','HP - 15 Core i5-11 Ram8 M2 240G',1,'app',0.00,1800.00,'2025-10-18 13:19:00','محمود محمد الرخاوي','0599770380',NULL,0,NULL,NULL,NULL,'general',NULL,'2025-11-02 05:20:18','2025-11-02 05:20:18',1),(23,'حاوية','Cady',7,'app',0.00,105.00,'2025-11-08 06:54:00','يوسف العفش','0597820587',NULL,0,NULL,NULL,NULL,'general',NULL,'2025-11-08 04:58:38','2025-11-08 05:57:41',1),(24,'ماوس','MT-049',5,'app',0.00,75.00,'2025-11-08 06:58:00','يوسف العفش','0597820587',NULL,0,NULL,NULL,NULL,'general',NULL,'2025-11-08 05:03:13','2025-11-08 05:57:29',1),(25,'ماوس','1620',100,'app',0.00,1500.00,'2025-11-08 07:03:00','يوسف العفش','0597820587',NULL,0,NULL,NULL,NULL,'general',NULL,'2025-11-08 05:04:31','2025-11-08 05:57:16',1),(26,'حاوية','Cady',10,'app',0.00,200.00,'2025-11-11 06:52:00','أبو جواد Zero One','0567003007',NULL,0,NULL,NULL,NULL,'general',NULL,'2025-11-11 05:15:58','2025-11-11 05:15:58',1),(27,'لابتوب','HP 250 G8 i5-11th Ram 16G SSD NVME 512G',1,'app',0.00,1900.00,'2025-11-11 12:10:00','تامر زهري','0592233290',NULL,0,NULL,NULL,NULL,'general',NULL,'2025-11-11 10:14:52','2025-11-11 10:14:52',1),(28,'مشتريات','ترمس',3,'cash',3.00,0.00,'2025-11-01 11:42:00',NULL,NULL,NULL,0,NULL,NULL,NULL,'general',NULL,'2025-11-12 04:56:14','2025-11-12 04:56:14',1),(29,'مشتريات','اصبع سليكوم',1,'cash',3.00,0.00,'2025-11-06 09:56:00',NULL,NULL,NULL,0,NULL,NULL,NULL,'general',NULL,'2025-11-12 04:57:49','2025-11-12 04:57:49',1),(30,'لابتوب','DELL 15 5000 i5-8th',1,'app',0.00,450.00,'2025-11-13 09:27:00','أمير الشامي','0567729838',NULL,0,NULL,NULL,NULL,'general',NULL,'2025-11-13 08:52:34','2025-11-13 08:52:34',1),(31,'مشتريات','بطارية HP 250 G7',1,'app',0.00,450.00,'2025-11-13 11:00:00',NULL,NULL,NULL,0,NULL,NULL,NULL,'general',NULL,'2025-11-13 09:01:51','2025-11-13 09:01:51',1);
/*!40000 ALTER TABLE `purchases` ENABLE KEYS */;
UNLOCK TABLES;

--
-- Table structure for table `repairs`
--

DROP TABLE IF EXISTS `repairs`;
/*!40101 SET @saved_cs_client     = @@character_set_client */;
/*!40101 SET character_set_client = utf8 */;
CREATE TABLE `repairs` (
  `id` bigint(20) unsigned NOT NULL AUTO_INCREMENT,
  `status` varchar(191) COLLATE utf8mb4_unicode_ci NOT NULL DEFAULT 'pending',
  `customer_name` varchar(191) COLLATE utf8mb4_unicode_ci NOT NULL,
  `device_name` varchar(191) COLLATE utf8mb4_unicode_ci NOT NULL,
  `model` varchar(191) COLLATE utf8mb4_unicode_ci NOT NULL,
  `issue` text COLLATE utf8mb4_unicode_ci NOT NULL,
  `phone` varchar(20) COLLATE utf8mb4_unicode_ci NOT NULL,
  `received_date` datetime NOT NULL,
  `cost_cash` decimal(10,2) NOT NULL DEFAULT '0.00',
  `cost_bank` decimal(10,2) NOT NULL DEFAULT '0.00',
  `payment_method` varchar(20) COLLATE utf8mb4_unicode_ci NOT NULL,
  `delivery_date` datetime DEFAULT NULL,
  `received_by` varchar(191) COLLATE utf8mb4_unicode_ci NOT NULL,
  `is_returned` tinyint(1) NOT NULL DEFAULT '0',
  `return_reason` text COLLATE utf8mb4_unicode_ci,
  `return_date` datetime DEFAULT NULL,
  `return_cost` decimal(10,2) DEFAULT NULL,
  `return_delivery_date` datetime DEFAULT NULL,
  `notes` text COLLATE utf8mb4_unicode_ci,
  `created_at` timestamp NULL DEFAULT NULL,
  `updated_at` timestamp NULL DEFAULT NULL,
  `deleted_at` timestamp NULL DEFAULT NULL,
  `branch_id` bigint(20) unsigned DEFAULT NULL,
  PRIMARY KEY (`id`),
  KEY `repairs_branch_id_foreign` (`branch_id`)
) ENGINE=MyISAM AUTO_INCREMENT=237 DEFAULT CHARSET=utf8mb4 COLLATE=utf8mb4_unicode_ci;
/*!40101 SET character_set_client = @saved_cs_client */;

--
-- Dumping data for table `repairs`
--

LOCK TABLES `repairs` WRITE;
/*!40000 ALTER TABLE `repairs` DISABLE KEYS */;
INSERT INTO `repairs` VALUES (1,'pending','كمال أبو ريدة','HP','250 G8','تغيير سماعات + تغيير رام 8 إلى 16','567337623','2025-10-12 09:19:00',0.00,150.00,'app','2025-10-12 11:20:00','سعيد',0,NULL,NULL,0.00,NULL,NULL,'2025-10-12 09:21:12','2025-10-12 09:21:12',NULL,1),(2,'pending','محمد خليل الشاعر','ACER','as15','الجهاز طافي مع الشاحن\nتم تغيير لوحة معالج celeron','567040061','2025-10-13 10:30:00',400.00,0.00,'cash','2025-10-14 09:50:00','أبو أيوب',0,NULL,NULL,0.00,NULL,NULL,'2025-10-13 04:44:42','2025-10-14 03:55:31',NULL,1),(3,'pending','خليل رضوان','HP','250 G7','ويندوز 10 لغة انجليزي + برامجه وتعريفاته','597877668','2025-10-13 11:30:00',40.00,0.00,'cash','2025-10-13 14:00:00','سعيد',0,NULL,NULL,0.00,NULL,NULL,'2025-10-13 09:26:30','2025-10-13 09:26:30',NULL,1),(4,'pending','زكريا بسام العقاد','HP','250 G7','تغيير شاشة','598678231','2025-10-13 12:57:00',0.00,0.00,'mixed','2025-10-13 14:27:00','أبو أيوب',0,NULL,NULL,0.00,NULL,NULL,'2025-10-13 09:27:50','2025-10-13 09:27:50',NULL,1),(5,'pending','ضياء أحمد شراب','Tushiba','C55','شرط في المذر','595118660','2025-10-13 12:01:00',130.00,0.00,'cash','2025-10-13 23:46:00','أبو أيوب',0,NULL,NULL,0.00,NULL,NULL,'2025-10-13 09:29:00','2025-10-13 09:29:00',NULL,1),(6,'pending','كرم أبو قرشين','asus','sonic master','طافي شرط في المذر','598258322','2025-10-13 17:10:00',150.00,0.00,'cash','2025-10-14 10:52:00','أبو أيوب',0,NULL,NULL,0.00,NULL,NULL,'2025-10-13 11:16:11','2025-10-14 06:57:58',NULL,1),(7,'pending','إمام الرومي','acer','inspira','لوحة مفاتيح + كرت صوت + ماوس','594303795','2025-10-13 17:46:00',200.00,200.00,'mixed','2025-10-14 17:53:00','أبو أيوب',0,NULL,NULL,0.00,NULL,NULL,'2025-10-13 12:21:32','2025-10-14 12:10:31',NULL,1),(8,'pending','مجهول','lenovo','---------------','تفعيل ويندوز مع office + sketshup','---------------','2025-10-13 15:39:00',20.00,0.00,'cash','2025-10-13 18:39:00','سعيد',0,NULL,NULL,0.00,NULL,NULL,'2025-10-13 12:39:55','2025-10-13 12:39:55',NULL,1),(9,'pending','عبدالله مسمح','DELL','5590','ويندوز','566060500','2025-10-13 18:29:00',150.00,0.00,'mixed','2025-10-26 15:11:00','أبو أيوب',0,NULL,NULL,0.00,NULL,NULL,'2025-10-14 06:30:01','2025-10-28 09:08:27',NULL,1),(10,'pending','جبر الرقب','Victus','Gaming','اللاب طافي شرط في اللوحة مع الشاحن','595024520','2025-10-14 00:40:00',0.00,0.00,'mixed','2025-10-14 14:57:00','أبو أيوب',0,NULL,NULL,0.00,NULL,NULL,'2025-10-14 06:40:54','2025-10-14 08:58:03',NULL,1),(11,'pending','أيهم أبو ريدة','HP','15','لحام ذراع','567178929','2025-10-14 12:18:00',200.00,0.00,'cash','2025-10-14 17:09:00','أبو أيوب',0,NULL,NULL,0.00,NULL,NULL,'2025-10-14 09:19:17','2025-10-14 12:10:05',NULL,1),(12,'pending','تامر زهري','HP','250 G8','الجاهز طافي','592233290','2025-10-14 15:07:00',0.00,0.00,'mixed',NULL,'أبو أيوب',0,NULL,NULL,0.00,NULL,NULL,'2025-10-14 12:08:57','2025-10-14 12:25:33','2025-10-14 12:25:33',1),(13,'pending','كمال خالد شعت','HP','250 G8','مذر','594303795','2025-10-14 16:08:00',200.00,0.00,'cash','2025-10-14 21:09:00','أبو أيوب',0,NULL,NULL,0.00,NULL,NULL,'2025-10-14 13:08:34','2025-10-14 13:09:19','2025-10-14 13:09:19',1),(14,'pending','مجهول','HP','250 G8','تنزيل لعبة pes 2017','0','2025-10-13 14:32:00',10.00,0.00,'cash','2025-10-13 14:43:00','سعيد',0,NULL,NULL,0.00,NULL,NULL,'2025-10-15 04:33:43','2025-10-15 04:33:43',NULL,1),(15,'pending','حامد أبو حمرة','Dell','E5450','طافي الجهاز','567774961','2025-10-15 11:41:00',0.00,0.00,'mixed','2025-10-15 14:13:00','أبو أيوب',0,NULL,NULL,0.00,NULL,NULL,'2025-10-15 05:41:48','2025-10-28 09:09:15',NULL,1),(16,'pending','كريم سيف','lenovo','Ideapad 130','طافي الجهاز','599857514','2025-10-15 14:38:00',0.00,0.00,'mixed','2025-10-15 15:08:00','أبو أيوب',0,NULL,NULL,0.00,NULL,NULL,'2025-10-15 08:39:59','2025-10-15 09:32:46',NULL,1),(17,'pending','اسراء برهوم','lenovo','V14-iil','طافي الجهاز','592398652','2025-10-15 15:31:00',90.00,90.00,'mixed','2025-10-16 17:48:00','أبو أيوب',0,NULL,NULL,0.00,NULL,NULL,'2025-10-15 09:32:21','2025-10-16 11:48:50',NULL,1),(18,'pending','منال أبو عوض','HP','250 G4','تغيير ظهر كامل','597202738','2025-10-15 16:01:00',250.00,0.00,'mixed','2025-10-16 14:08:00','أبو أيوب',0,NULL,NULL,0.00,NULL,NULL,'2025-10-15 11:32:15','2025-10-16 08:08:14',NULL,1),(19,'pending','أحمد الفران','HP','ProBook 650 G4','تنزيل ويندوز 10 pro','595908586','2025-10-15 16:32:00',0.00,50.00,'app','2025-10-15 18:08:00','سعيد',0,NULL,NULL,0.00,NULL,NULL,'2025-10-15 11:32:59','2025-10-15 12:13:54',NULL,1),(20,'pending','رفيق عرفات','lenovo','Ideapad 15 lg','لحام ذراعين','597840266','2025-10-14 18:27:00',200.00,0.00,'cash','2025-10-15 14:40:00','أبو أيوب',0,NULL,NULL,0.00,NULL,NULL,'2025-10-15 12:40:23','2025-10-15 12:40:23',NULL,1),(21,'pending','أيهم لافي','HP','250 G8','إضافة رام 8G','595803390','2025-10-16 10:20:00',30.00,0.00,'cash','2025-10-16 10:30:00','أبو أيوب',0,NULL,NULL,0.00,NULL,NULL,'2025-10-16 04:30:45','2025-10-16 04:30:45',NULL,1),(22,'pending','زاهي اسميري','HP','250 G8','ذراع لحم','598987615','2025-10-16 10:09:00',50.00,0.00,'cash','2025-10-16 12:11:00','أبو أيوب',0,NULL,NULL,0.00,NULL,NULL,'2025-10-16 07:11:34','2025-10-16 07:11:34',NULL,1),(23,'pending','معتصم محمود البيوك','lenovo','T470','كسر + قاعدة شاشة','594851062','2025-10-18 09:52:00',100.00,0.00,'cash','2025-10-19 11:34:00','أبو أيوب',0,NULL,NULL,0.00,NULL,NULL,'2025-10-18 10:12:21','2025-10-28 09:06:29',NULL,1),(24,'pending','أمير البخاري','HP','250 G6','ويندوز مع برامج','599276601','2025-10-18 11:12:00',50.00,0.00,'cash','2025-10-19 11:29:00','أبو أيوب',0,NULL,NULL,0.00,NULL,NULL,'2025-10-18 10:13:29','2025-10-28 09:07:35',NULL,1),(25,'pending','تامر مفيد زهري','HP','15','الجهاز طافي مع الشاحن','592233290','2025-10-18 11:51:00',125.00,100.00,'mixed','2025-10-18 18:27:00','أبو أيوب',0,NULL,NULL,0.00,NULL,NULL,'2025-10-18 10:14:15','2025-10-28 09:10:04',NULL,1),(26,'pending','علي أبو مصطفى','lenovo','ideapad 1','ويندوز مع برامج','598380337','2025-10-18 13:14:00',0.00,40.00,'app','2025-10-18 13:45:00','سعيد',0,NULL,NULL,0.00,NULL,NULL,'2025-10-18 10:16:00','2025-10-18 10:16:00',NULL,1),(27,'pending','أحمد الندى','lenovo','ideapad','قاعدة + ذراع','567976734','2025-10-18 13:16:00',0.00,220.00,'app','2025-10-18 13:45:00','أبو أيوب',0,NULL,NULL,0.00,NULL,NULL,'2025-10-18 10:18:28','2025-10-28 09:17:01',NULL,1),(28,'pending','كرم أحمد الأسطل','HP','Pavilion Gaming','نسخ ألعاب','594260476','2025-10-18 13:18:00',0.00,30.00,'app','2025-10-18 13:50:00','سعيد',0,NULL,NULL,0.00,NULL,NULL,'2025-10-18 10:20:41','2025-10-18 10:20:41',NULL,1),(29,'pending','براء نصار','lenovo','ideapad 3','مدخل شاحن','597222116','2025-10-18 13:56:00',150.00,0.00,'cash','2025-10-18 16:05:00','أبو أيوب',0,NULL,NULL,0.00,NULL,NULL,'2025-10-18 10:22:02','2025-10-18 10:22:02',NULL,1),(30,'pending','صهيب أبو ريدة','MSI','G11th','فحص+تغيير رام 8G','567294533','2025-10-18 14:22:00',0.00,450.00,'app','2025-10-18 17:04:00','أبو أيوب',0,NULL,NULL,0.00,NULL,NULL,'2025-10-18 10:23:01','2025-10-18 11:04:04',NULL,1),(31,'pending','مريم محمود زعرب','Tushiba','c55','هارد HDD 512','597461780','2025-10-18 11:23:00',0.00,0.00,'cash','2025-10-18 13:25:00','سعيد',0,NULL,NULL,0.00,NULL,NULL,'2025-10-18 10:25:21','2025-10-18 10:40:53',NULL,1),(32,'pending','همام شراب','HP','250 G8','ويندوز + تعريفات','592499186','2025-10-18 17:52:00',0.00,80.00,'cash','2025-10-18 14:17:00','أبو أيوب',0,NULL,NULL,0.00,NULL,NULL,'2025-10-18 11:52:57','2025-10-28 09:17:37',NULL,1),(33,'pending','رامي مصبح','HP','250 G8','فحص كامل','0599574909','2025-10-19 10:17:00',0.00,150.00,'app','2025-10-19 11:35:00','أبو أيوب',0,NULL,NULL,0.00,NULL,NULL,'2025-10-28 09:18:53','2025-10-28 09:18:53',NULL,1),(34,'pending','سعد عادل جبر أبوهاني','HP','EliteBook 8440P','كسر كلمة مرور','0594346490','2025-10-19 09:18:00',20.00,0.00,'cash','2025-10-19 10:25:00','سعيد',0,NULL,NULL,0.00,NULL,NULL,'2025-10-28 09:19:45','2025-10-28 09:19:45',NULL,1),(35,'pending','محمود الحج','Hwawi','Hwawi','مدخل شاحن','0598515020','2025-10-19 11:20:00',0.00,0.00,'mixed','2025-10-19 11:43:00','أبو أيوب',0,NULL,NULL,0.00,NULL,NULL,'2025-10-28 09:20:51','2025-10-28 11:01:28',NULL,1),(36,'pending','محمود فارس','lenovo','ideapad 1','تفعيل اوفيس + ويندوز','0568456839','2025-10-19 13:12:00',10.00,0.00,'cash','2025-10-19 14:28:00','سعيد',0,NULL,NULL,0.00,NULL,NULL,'2025-10-28 09:31:08','2025-10-28 09:31:08',NULL,1),(37,'pending','مجهول','------------','-----------------','نسخ ويندوز 11','0','2025-10-19 14:09:00',30.00,0.00,'cash','2025-10-19 14:32:00','سعيد',0,NULL,NULL,0.00,NULL,NULL,'2025-10-28 09:32:12','2025-10-28 09:32:12',NULL,1),(38,'pending','مجهول','------------','--','نسخ العاب','0','2025-10-19 14:32:00',0.00,80.00,'app','2025-10-19 14:49:00','سعيد',0,NULL,NULL,0.00,NULL,NULL,'2025-10-28 09:33:04','2025-10-28 09:33:04',NULL,1),(39,'pending','أسامة أبو ناموس','Tushiba','E1','فك مرور الويندوز','0592191757','2025-10-20 10:33:00',20.00,0.00,'cash','2025-10-20 13:54:00','سعيد',0,NULL,NULL,0.00,NULL,NULL,'2025-10-28 09:56:34','2025-10-28 09:56:34',NULL,1),(40,'pending','أسامة أبو ناموس','hp','15','طافي','0592191757','2025-10-20 11:57:00',0.00,0.00,'mixed','2025-10-25 14:44:00','أبو أيوب',0,NULL,NULL,0.00,NULL,NULL,'2025-10-28 10:45:04','2025-10-28 10:45:04',NULL,1),(41,'pending','طارق فادي النجار','HP','250 G4','تنظيف + ويندوز + تعريفات','0592150056','2025-10-20 12:45:00',70.00,0.00,'cash','2025-10-20 14:46:00','سعيد',0,NULL,NULL,0.00,NULL,'بده 10 شيكل','2025-10-28 10:46:36','2025-10-28 10:46:36',NULL,1),(42,'pending','فرح المغاري','HP','250 G6','فحص شلد شاشة','0592542857','2025-10-20 12:47:00',0.00,120.00,'app','2025-10-20 15:00:00','أبو أيوب',0,NULL,NULL,0.00,NULL,NULL,'2025-10-28 11:00:59','2025-10-28 11:00:59',NULL,1),(43,'pending','فراس تايه','HP','15','لا يعرض معاه شاحنه','0599326972','2025-10-20 13:01:00',0.00,0.00,'mixed','2025-10-23 15:02:00','أبو أيوب',0,NULL,NULL,0.00,NULL,NULL,'2025-10-28 11:02:08','2025-10-28 11:02:08',NULL,1),(44,'pending','آية فايز','lenovo','ideapad','تعريفات + كراك ويندوز + تنظيف','0597180721','2025-10-20 13:02:00',0.00,0.00,'mixed','2025-10-20 15:03:00','أبو أيوب',0,NULL,NULL,0.00,NULL,'تم ارجاع مبلغ 50 شيكل','2025-10-28 11:04:08','2025-10-28 11:04:08',NULL,1),(45,'pending','مجهول','------------','-------','برمجة راوتر','0','2025-10-20 13:04:00',20.00,0.00,'cash','2025-10-20 15:05:00','سعيد',0,NULL,NULL,0.00,NULL,'باقي 10 شيكل لزبون','2025-10-28 11:06:07','2025-10-28 11:06:07',NULL,1),(46,'pending','محمود أبو طعيمة','HP','250 G8','تغيير مروحة تبريد','0597904290','2025-10-21 13:06:00',150.00,0.00,'cash','2025-10-21 15:07:00','أبو أيوب',0,NULL,NULL,0.00,NULL,NULL,'2025-10-28 11:07:46','2025-10-28 11:07:46',NULL,1),(47,'pending','إبراهيم القدرة','HP','Probook 450 G4','تغيير كيبورد','0593366001','2025-10-21 13:07:00',250.00,0.00,'cash','2025-10-21 15:08:00','أبو أيوب',0,NULL,NULL,0.00,NULL,NULL,'2025-10-28 11:08:48','2025-10-28 11:08:48',NULL,1),(48,'pending','رغد محمد عاشور','acer','spira3 a315-51','شلد + ذراع','0592674980','2025-10-21 13:08:00',0.00,0.00,'mixed','2025-10-21 15:10:00','أبو أيوب',0,NULL,NULL,0.00,NULL,NULL,'2025-10-28 11:10:15','2025-10-28 11:10:15',NULL,1),(49,'pending','عمر أبو كوش','lenovo','ideapad','طافي لا يشحن','0594033723','2025-10-21 13:10:00',150.00,0.00,'cash','2025-10-21 15:11:00','أبو أيوب',0,NULL,NULL,0.00,NULL,'بده منا 50 شيكل','2025-10-28 11:12:42','2025-10-28 11:12:42',NULL,1),(50,'pending','مؤيد أبو عبيدة','HP','15','طافي','0592093517','2025-10-21 13:14:00',0.00,0.00,'mixed','2025-10-21 15:14:00','أبو أيوب',0,NULL,NULL,0.00,NULL,NULL,'2025-10-28 11:14:54','2025-10-28 11:14:54',NULL,1),(51,'pending','محمود الهنداوي','HP','EliteBook 840','طافي','05996157190599064916','2025-10-22 13:14:00',80.00,0.00,'cash','2025-10-22 15:15:00','أبو أيوب',0,NULL,NULL,0.00,NULL,NULL,'2025-10-28 11:15:58','2025-10-28 11:15:58',NULL,1),(52,'pending','مجدي شيخ العيد','HP','250 G4','طافي','0592532034','2025-10-22 13:16:00',0.00,200.00,'app','2025-10-22 15:18:00','أبو أيوب',0,NULL,NULL,0.00,NULL,NULL,'2025-10-28 11:18:25','2025-10-28 11:20:01',NULL,1),(53,'pending','محمد الدلو','lenovo','ideapad 320','قاعدة مع كيبورد','0598981943','2025-10-22 13:18:00',450.00,0.00,'cash','2025-10-23 15:19:00','أبو أيوب',0,NULL,NULL,0.00,NULL,NULL,'2025-10-28 11:19:08','2025-10-28 11:19:08',NULL,1),(54,'pending','أحمد إسماعيل أبو دقة','HP','Probook 4540s','تنظيف + تغيير مادة معالج','0598881694','2025-10-23 13:19:00',0.00,120.00,'app','2025-10-23 15:19:00','أبو أيوب',0,NULL,NULL,0.00,NULL,NULL,'2025-10-28 11:19:51','2025-10-28 11:19:51',NULL,1),(55,'pending','أحمد رياض الفرا','HP','250 G8','طافي','0599703031','2025-10-23 13:20:00',0.00,0.00,'mixed','2025-10-23 15:20:00','أبو أيوب',0,NULL,NULL,0.00,NULL,NULL,'2025-10-28 11:20:39','2025-10-28 11:20:39',NULL,1),(56,'pending','أحمد الأسطل','HP','250 G6','طافي','0594040711','2025-10-23 13:20:00',0.00,0.00,'mixed','2025-10-25 15:22:00','أبو أيوب',0,NULL,NULL,0.00,NULL,NULL,'2025-10-28 11:22:16','2025-10-28 11:22:16',NULL,1),(57,'pending','خليل رضوان','HP','15','ويندوز + تعريفات','0597877668','2025-10-23 13:22:00',20.00,0.00,'cash','2025-10-23 15:22:00','سعيد',0,NULL,NULL,0.00,NULL,NULL,'2025-10-28 11:22:46','2025-10-28 11:22:46',NULL,1),(58,'pending','مريم أنور أبو صلاح','HP','15','طافي فحص مروحة + مادة معالج','0599435111','2025-10-23 13:22:00',0.00,300.00,'app','2025-10-23 15:23:00','أبو أيوب',0,NULL,NULL,0.00,NULL,NULL,'2025-10-28 11:23:43','2025-10-28 11:23:43',NULL,1),(59,'pending','محمود سعيد عامر','HP','250 G8','طافي ولا شحن','0567502778','2025-10-23 13:23:00',0.00,0.00,'mixed','2025-10-23 15:24:00','أبو أيوب',0,NULL,NULL,0.00,NULL,NULL,'2025-10-28 11:24:16','2025-10-28 11:24:16',NULL,1),(60,'pending','مجهول','-----------','--------------','تفعيل ويندوز + اوفيس','0','2025-10-23 13:24:00',0.00,10.00,'app','2025-10-23 15:24:00','سعيد',0,NULL,NULL,0.00,NULL,NULL,'2025-10-28 11:25:03','2025-10-28 11:25:03',NULL,1),(61,'pending','مجهول','------------','---------------','نسخ بيس','0','2025-10-23 13:25:00',15.00,0.00,'cash','2025-10-23 15:25:00','سعيد',0,NULL,NULL,0.00,NULL,NULL,'2025-10-28 11:25:34','2025-10-28 11:25:34',NULL,1),(62,'pending','مجهول','------------','---------------','نسخ ألعاب','0','2025-10-23 13:25:00',0.00,10.00,'app','2025-10-23 15:25:00','سعيد',0,NULL,NULL,0.00,NULL,NULL,'2025-10-28 11:26:03','2025-10-28 11:26:03',NULL,1),(63,'pending','مجهول','------------','---------------','تفعيل ويندوز + اوفيس','0','2025-10-23 13:26:00',12.00,0.00,'cash','2025-10-23 15:26:00','سعيد',0,NULL,NULL,0.00,NULL,NULL,'2025-10-28 11:26:39','2025-10-28 11:26:39',NULL,1),(64,'pending','مجهول','------------','---------------','تفعيل ويندوز + اوفيس','0','2025-10-23 13:26:00',0.00,20.00,'app','2025-10-23 15:27:00','سعيد',0,NULL,NULL,0.00,NULL,NULL,'2025-10-28 11:27:07','2025-10-28 11:27:07',NULL,1),(65,'pending','محمد أبو عريضة','MSI','GF63','بيسخن + بيطفي','0595873258','2025-10-25 13:28:00',230.00,0.00,'cash','2025-10-25 15:30:00','أبو أيوب',0,NULL,NULL,0.00,NULL,'متبقي 30 شيكل للمعرض','2025-10-28 11:32:08','2025-10-28 11:32:08',NULL,1),(66,'pending','خليل محمد الخالدي','acer','3 A315','فك كلمة مرور user Domin','0599222075','2025-10-25 13:32:00',0.00,0.00,'mixed','2025-10-25 15:33:00','سعيد',0,NULL,NULL,0.00,NULL,NULL,'2025-10-28 11:33:20','2025-10-28 11:33:20',NULL,1),(67,'pending','مثنى الزاملي','HP','15R','طافي لا يعمل يشحن فقط','0592200962','2025-10-25 13:33:00',0.00,230.00,'app','2025-10-25 15:33:00','أبو أيوب',0,NULL,NULL,0.00,NULL,NULL,'2025-10-28 11:34:12','2025-10-28 11:34:12',NULL,1),(68,'pending','محمد ظهير','HP','250 G8','ويندوز 11 + تعريفات','0598094814','2025-10-25 13:34:00',0.00,40.00,'app','2025-10-25 15:34:00','سعيد',0,NULL,NULL,0.00,NULL,NULL,'2025-10-28 11:34:55','2025-10-28 11:34:55',NULL,1),(69,'pending','عدي رائد أبو موسى','acer','ES-533','طافي ولا يعمل ولا يشحن معاه شاحنه','0592620478','2025-10-25 13:34:00',0.00,0.00,'mixed','2025-10-30 16:10:00','أبو أيوب',0,NULL,NULL,0.00,NULL,NULL,'2025-10-28 11:35:23','2025-10-30 12:10:38',NULL,1),(70,'pending','محمد أبو صلاح','acer','ES1-572','صيانة ذراع + رام 8 DRR4','0599693309','2025-10-25 13:35:00',0.00,380.00,'app','2025-10-25 17:56:00','أبو أيوب',0,NULL,NULL,0.00,NULL,NULL,'2025-10-28 11:36:03','2025-11-04 05:56:37',NULL,1),(71,'pending','مجهول','------------','---------------','تفعيل ويندوز + اوفيس','0','2025-10-25 13:36:00',10.00,0.00,'cash','2025-10-25 15:36:00','سعيد',0,NULL,NULL,0.00,NULL,NULL,'2025-10-28 11:36:31','2025-10-28 11:36:31',NULL,1),(72,'pending','محمد سعد','HP','EliteBook 840','0','0592066848','2025-10-26 13:36:00',0.00,90.00,'app','2025-10-27 15:37:00','أبو أيوب',0,NULL,NULL,0.00,NULL,NULL,'2025-10-28 11:37:16','2025-10-28 11:45:21',NULL,1),(73,'pending','مجهول','HP','250 G8','لزقة جلدة قاعدة HP','0','2025-10-26 13:37:00',10.00,0.00,'cash','2025-10-26 15:38:00','أبو أيوب',0,NULL,NULL,0.00,NULL,'باقي للزبون 40 شيكل','2025-10-28 11:38:21','2025-10-28 11:38:21',NULL,1),(74,'pending','عبدالله هشام الحوت','MSI','MS-16R1','مشكلة في المروحة','0592773506','2025-10-26 13:42:00',0.00,30.00,'app','2025-10-26 15:43:00','أبو أيوب',1,'نفس المشكلة','2025-10-27 15:43:00',0.00,'2025-10-27 15:43:00','تم حساب فقط سعر المعجون وارجاع 70 شيكل بنكي','2025-10-28 11:44:27','2025-10-28 11:44:27',NULL,1),(75,'pending','أحمد سمير أبو نادي','HP','250 G8','تنظيف + تغيير مادة معالج+تغيير مداخل','0568724924','2025-10-26 13:44:00',0.00,220.00,'app','2025-10-26 15:45:00','أبو أيوب',0,NULL,NULL,0.00,NULL,NULL,'2025-10-28 11:45:11','2025-10-28 11:45:11',NULL,1),(76,'pending','إبراهيم أبو رجيلة','asus','vivioBook','لا يعرض','0599182180','2025-10-26 13:45:00',0.00,0.00,'mixed','2025-10-26 15:45:00','أبو أيوب',0,NULL,NULL,0.00,NULL,NULL,'2025-10-28 11:45:52','2025-10-28 11:45:52',NULL,1),(77,'pending','أم محمد الجبور | إبراهيم اللحام','HP','250 G7','ذراعات','0598086181','2025-10-26 13:45:00',250.00,0.00,'cash','2025-10-26 15:46:00','أبو أيوب',0,NULL,NULL,0.00,NULL,NULL,'2025-10-28 11:46:24','2025-10-28 11:46:24',NULL,1),(78,'pending','حسن الفرا','lenovo','G50','إضافة cady + تنزيل ويندوز+إضافة رام','0595783031','2025-10-26 13:46:00',0.00,140.00,'app','2025-10-26 16:44:00','سيف',0,NULL,NULL,0.00,NULL,NULL,'2025-10-28 12:44:34','2025-10-28 12:44:34',NULL,1),(79,'pending','أحمد بارود','HP','250 G6','تغيير مادة معالج + كيبورد + رام + ذراعات','0592893619','2025-10-26 14:44:00',0.00,520.00,'app','2025-10-27 16:45:00','أبو أيوب',0,NULL,NULL,0.00,NULL,NULL,'2025-10-28 12:45:13','2025-10-28 12:45:13',NULL,1),(80,'pending','إبراهيم أبو الشعر','HP','250 G6','فحص + شبك اسلاك','0598279515','2025-10-26 14:45:00',115.00,0.00,'cash','2025-10-27 16:45:00','أبو أيوب',0,NULL,NULL,0.00,NULL,NULL,'2025-10-28 12:48:36','2025-10-28 12:48:36',NULL,1),(81,'pending','حجازي أيوب','Tushiba','C55','ويندوز + تعريفات + برامج','0567714143','2025-10-27 14:53:00',0.00,40.00,'app','2025-10-27 16:54:00','سعيد',0,NULL,NULL,0.00,NULL,NULL,'2025-10-28 12:54:50','2025-10-28 12:54:50',NULL,1),(82,'pending','أحمد صدقي العارجا','lenovo','lenovo','استلام جهازين وتسليم جهاز يعمل','0592633508','2025-10-27 14:54:00',250.00,0.00,'cash','2025-10-29 13:55:00','أبو أيوب',0,NULL,NULL,0.00,NULL,NULL,'2025-10-28 12:55:28','2025-10-29 09:56:01',NULL,1),(83,'pending','أسامة عماد منصور','------------','---------------','فك كلمة مرور user','0','2025-10-27 14:55:00',0.00,20.00,'app','2025-10-27 16:56:00','سعيد',0,NULL,NULL,0.00,NULL,NULL,'2025-10-28 12:56:30','2025-10-28 12:59:09',NULL,1),(84,'pending','أحمد العمواسي','lenovo','ideapad','طافي ولا يشحن','0','2025-10-27 14:56:00',0.00,0.00,'mixed',NULL,'أبو أيوب',0,NULL,NULL,0.00,NULL,NULL,'2025-10-28 12:57:22','2025-10-28 12:57:22',NULL,1),(85,'pending','وديع جرغون','hp','15','ذراعات','0592428735','2025-10-27 14:57:00',150.00,0.00,'cash','2025-10-27 16:57:00','أبو أيوب',0,NULL,NULL,0.00,NULL,NULL,'2025-10-28 12:58:05','2025-10-28 12:58:05',NULL,1),(86,'pending','وليد أبو هلال','HP','250 G7','حرارة عالية','0598707895','2025-10-28 10:58:00',50.00,100.00,'mixed','2025-10-28 14:58:00','أبو أيوب',0,NULL,NULL,0.00,NULL,NULL,'2025-10-28 12:58:59','2025-10-28 12:58:59',NULL,1),(87,'pending','محيي الدين','HP','pavilion G6','يشحن ولا يعمل ولا يعرض','0595806728','2025-10-28 14:59:00',0.00,0.00,'mixed','2025-10-28 16:59:00','أبو أيوب',0,NULL,NULL,0.00,NULL,NULL,'2025-10-28 12:59:40','2025-10-28 12:59:40',NULL,1),(88,'pending','عز حجازي','lenovo','Ideapad 130','سكت في الرام','0595025167','2025-10-28 13:23:00',100.00,0.00,'cash','2025-10-30 13:05:00','أبو أيوب',0,NULL,NULL,0.00,NULL,NULL,'2025-10-28 13:00:49','2025-10-30 09:07:23',NULL,1),(89,'pending','يوسف أكرم أبو ندى','HP','Victus','طافي','0594032645','2025-10-28 16:05:00',0.00,180.00,'app','2025-10-29 10:37:00','أبو أيوب',0,NULL,NULL,0.00,NULL,NULL,'2025-10-28 13:03:12','2025-10-29 06:41:37',NULL,1),(90,'pending','محمد رمزي','HP','i3-4th','تغيير كرت WIFI','0597253713','2025-10-28 17:03:00',0.00,150.00,'app','2025-10-29 10:14:00','أبو أيوب',0,NULL,NULL,0.00,NULL,NULL,'2025-10-28 13:04:53','2025-10-29 06:41:57',NULL,1),(91,'pending','إبراهيم أبو الشعر','HP','250 G4','مكبوب عليه مياه ويشحن ولا يعرض','0597498427','2025-10-28 15:13:00',0.00,0.00,'mixed','2025-10-28 17:13:00','أبو أيوب',0,NULL,NULL,0.00,NULL,NULL,'2025-10-28 13:14:07','2025-10-28 13:14:07',NULL,1),(92,'pending','هاني أبو السعود','HP','250 G6','صيانة ذراع والشاشة مكسورة','0599456848','2025-10-28 15:14:00',0.00,160.00,'app','2025-10-29 17:44:00','أبو أيوب',0,NULL,NULL,0.00,NULL,NULL,'2025-10-28 13:14:54','2025-10-29 13:44:28',NULL,1),(93,'pending','محمد رمزي','HP','i3-4th','تنزيل ويندوز 10 pro','0597253713','2025-10-29 08:42:00',0.00,40.00,'app',NULL,'سعيد',0,NULL,NULL,0.00,NULL,NULL,'2025-10-29 06:42:31','2025-10-29 06:42:31',NULL,1),(94,'pending','إبراهيم أبو الشعر','HP','250 G4','مكبوب عليه مياه ويشحن ولا يعرض','0597498427','2025-10-29 09:42:00',0.00,0.00,'mixed','2025-10-30 17:31:00','أبو أيوب',0,NULL,NULL,0.00,NULL,NULL,'2025-10-29 06:43:24','2025-10-30 13:31:21',NULL,1),(95,'pending','علي خليل أبو طير','HP','15','طافي ولايعمل/يعمل بالضغط على مدخل الشاحن','0597126482','2025-10-29 11:58:00',0.00,0.00,'mixed','2025-10-30 11:32:00','أبو أيوب',0,NULL,NULL,0.00,NULL,NULL,'2025-10-29 07:59:00','2025-10-30 07:52:52',NULL,1),(96,'pending','حسن شامية','HP','EliteBook','windows 10 + تعريفات','0594052700','2025-10-29 12:41:00',0.00,40.00,'app','2025-10-29 14:30:00','سعيد',0,NULL,NULL,0.00,NULL,NULL,'2025-10-29 08:41:25','2025-10-29 10:30:23',NULL,1),(97,'pending','مجهول','------------','---------------','نسخ ألعاب','0','2025-10-28 12:25:00',10.00,0.00,'cash','2025-10-28 14:28:00','سعيد',0,NULL,NULL,0.00,NULL,NULL,'2025-10-29 10:28:33','2025-10-29 10:28:33',NULL,1),(98,'pending','علي الجبور','Tushiba','C55','ذراعات','0599620329','2025-10-29 12:48:00',200.00,0.00,'cash','2025-10-30 17:35:00','أبو أيوب',0,NULL,NULL,0.00,NULL,NULL,'2025-10-29 10:49:44','2025-10-30 14:02:17',NULL,1),(99,'pending','بلال أبو صبحة','lenovo','B5080','تغغير لوحة','0595806888','2025-10-29 13:11:00',0.00,0.00,'mixed','2025-11-01 17:24:00','أبو أيوب',0,NULL,NULL,0.00,NULL,NULL,'2025-10-29 11:18:34','2025-11-02 04:24:25',NULL,1),(100,'pending','أحمد الغلبان','hp','15','ذراعات','0599184059','2025-10-26 14:11:00',130.00,0.00,'cash','2025-10-27 16:11:00','أبو أيوب',0,NULL,NULL,0.00,NULL,'باقي للزبون 20 شيكل','2025-10-29 12:12:07','2025-10-29 12:12:07',NULL,1),(101,'pending','مجهول','lenovo','ideapad','تنزيل ويندوز 10 + تعريفات وبرامج','0','2025-10-29 15:42:00',40.00,0.00,'cash','2025-10-29 17:43:00','سعيد',0,NULL,NULL,0.00,NULL,NULL,'2025-10-29 13:43:19','2025-10-29 13:43:19',NULL,1),(102,'pending','مجهول','lenovo','ideapad','نسخ العاب','0','2025-10-29 15:43:00',5.00,0.00,'cash','2025-10-29 17:43:00','سعيد',0,NULL,NULL,0.00,NULL,NULL,'2025-10-29 13:43:44','2025-10-29 13:43:44',NULL,1),(103,'pending','ناجي أبو بريك','acer','Aspire 3','ذراعات لحام','0595907682','2025-10-30 08:08:00',100.00,0.00,'cash','2025-10-30 13:56:00','أبو أيوب',0,NULL,NULL,0.00,NULL,NULL,'2025-10-30 06:10:03','2025-10-30 09:56:50',NULL,1),(104,'pending','عبدالله أبو حلاوة','HP','250 G4','تغيير رام 4G PC3L','0599743700','2025-10-30 08:10:00',0.00,40.00,'app','2025-10-30 12:44:00','أبو أيوب',0,NULL,NULL,0.00,NULL,'الحوالة باسم محمد زقوت','2025-10-30 06:11:01','2025-10-30 08:44:49',NULL,1),(105,'pending','اسلام بريك','HP','250 G6','يشحن ويعملا ولا يعرض','0567284354','2025-10-30 08:28:00',0.00,80.00,'app','2025-10-30 15:53:00','أبو أيوب',0,NULL,NULL,0.00,NULL,NULL,'2025-10-30 06:28:57','2025-10-30 11:53:52',NULL,1),(106,'pending','مثنى الزاملي','HP','15R','لا يعمل حتى بالشاحن','0592200962','2025-10-30 09:00:00',0.00,0.00,'mixed','2025-10-30 16:55:00','أبو أيوب',0,NULL,NULL,0.00,NULL,NULL,'2025-10-30 07:01:47','2025-10-30 12:55:38',NULL,1),(107,'pending','إبراهيم أبو الشعر','HP','ProBook 650 G4','تغيير شاشة + اصلاح ذراعين','0597498427','2025-10-30 09:02:00',0.00,1200.00,'app','2025-10-30 15:35:00','أبو أيوب',0,NULL,NULL,0.00,NULL,NULL,'2025-10-30 07:03:23','2025-10-30 11:35:24',NULL,1),(108,'pending','محمود الحج','HP','250 G4','ويندوز + نقل بيانات','0598515020','2025-10-29 14:19:00',80.00,0.00,'cash','2025-10-30 16:56:00','أبو أيوب',0,NULL,NULL,0.00,NULL,NULL,'2025-10-30 07:22:54','2025-10-30 12:56:31',NULL,1),(109,'pending','محمد غريز','Lenovo','Ideapad 3','ويندوز 10 + تعريفات + برامج','0597286964','2025-10-30 10:11:00',0.00,40.00,'app','2025-10-30 17:21:00','سعيد',0,NULL,NULL,0.00,NULL,NULL,'2025-10-30 08:12:14','2025-10-30 13:21:58',NULL,1),(110,'pending','أحمد الأسطل','PC','PC','يعمل ولا يعرض','0567517497','2025-10-30 11:32:00',0.00,0.00,'mixed',NULL,'أبو أيوب',0,NULL,NULL,0.00,NULL,NULL,'2025-10-30 08:34:02','2025-10-30 08:34:02',NULL,1),(111,'pending','عبدالله أبو حلاوة','HP','250 G4','اضافة cady + SSD 240G HikVision + تنزيل ويندوز','0599743700','2025-10-30 15:55:00',0.00,10.00,'app','2025-10-30 17:56:00','أبو أيوب',0,NULL,NULL,0.00,NULL,NULL,'2025-10-30 13:57:46','2025-10-30 13:57:46',NULL,1),(112,'pending','عبدالله أبو حلاوة','HP','250 G4','تنزيل ويندوز','0599743700','2025-10-30 15:59:00',0.00,20.00,'app','2025-10-30 18:08:00','سعيد',0,NULL,NULL,0.00,NULL,NULL,'2025-10-30 14:00:05','2025-10-30 14:30:22',NULL,1),(113,'pending','مراد السقا','Lenovo','Ideapad 110','يحتاج الى كيبورد','0599988665','2025-11-01 09:04:00',0.00,0.00,'app','2025-11-10 09:19:00','أبو أيوب',0,NULL,NULL,0.00,NULL,NULL,'2025-11-01 05:05:51','2025-11-10 05:19:32',NULL,1),(114,'pending','شرين عابد','MSI','Katana','لحام ذراع شاشة','0593218675','2025-11-01 09:14:00',150.00,0.00,'cash','2025-11-01 16:23:00','أبو أيوب',0,NULL,NULL,0.00,NULL,NULL,'2025-11-01 07:15:16','2025-11-02 04:24:02',NULL,1),(115,'pending','همام أبو دقة','HP','250 G7','رطوبة في اللوحة صيانة سكت هارد','0597600750','2025-11-01 09:17:00',70.00,0.00,'cash','2025-11-01 16:23:00','أبو أيوب',0,NULL,NULL,0.00,NULL,NULL,'2025-11-01 07:18:03','2025-11-02 04:23:46',NULL,1),(116,'pending','صقر النحال','DELL','1584','اضافة هارد 160G + تنزيل ويندوز','05933609881','2025-11-01 10:47:00',20.00,0.00,'cash','2025-11-01 14:15:00','سعيد',0,NULL,NULL,0.00,NULL,NULL,'2025-11-01 08:48:31','2025-11-02 10:15:51',NULL,1),(117,'pending','فرح المغاري','HP','250 G6','فحص شلد شاشة','0592542857','2025-11-01 11:13:00',0.00,0.00,'app','2025-11-01 15:21:00','أبو أيوب',0,NULL,NULL,0.00,NULL,NULL,'2025-11-01 09:13:44','2025-11-02 04:22:08',NULL,1),(118,'pending','أسيل أبو وطفة','MSI','Katana','كسر في الذراع + شلد شاشة','0593083428','2025-11-01 11:45:00',0.00,0.00,'app','2025-11-01 17:21:00','أبو أيوب',0,NULL,NULL,0.00,NULL,NULL,'2025-11-01 09:46:21','2025-11-02 04:21:54',NULL,1),(119,'pending','ريان سعيد أبو دياب','lenovo','G580','يعمل ولا يعرض','0592667010','2025-11-01 14:21:00',0.00,0.00,'cash',NULL,'أبو أيوب',0,NULL,NULL,0.00,NULL,NULL,'2025-11-01 12:21:51','2025-11-01 12:21:51',NULL,NULL),(120,'pending','مجهول','------------','---------------','برمجة 2 راوتر','0','2025-11-01 13:30:00',20.00,0.00,'cash','2025-11-01 16:31:00','سعيد',0,NULL,NULL,0.00,NULL,NULL,'2025-11-02 04:31:24','2025-11-02 04:31:24',NULL,1),(121,'pending','موسى ظهير','lenovo','ideapad 1','تغيير تتش باد','0567678321','2025-11-02 09:44:00',350.00,0.00,'cash','2025-11-03 14:04:00','أبو أيوب',0,NULL,NULL,0.00,NULL,NULL,'2025-11-02 07:47:02','2025-11-04 05:30:26',NULL,1),(122,'pending','موسى ظهير','acer','e5 576G','فحص للصيانة شاشة','0567678321','2025-11-02 09:47:00',0.00,0.00,'app','2025-11-03 14:04:00','أبو أيوب',0,NULL,NULL,0.00,NULL,NULL,'2025-11-02 07:47:42','2025-11-04 05:30:35',NULL,1),(123,'pending','رسمي أبو طعيمة','HP','ProBook 650 G2','ويندوز + نقل ملفات C','0599564861','2025-11-02 11:21:00',40.00,0.00,'cash','2025-11-02 13:40:00','سعيد',0,NULL,NULL,0.00,NULL,NULL,'2025-11-02 09:21:58','2025-11-02 09:40:16',NULL,1),(124,'pending','ياسر علي شقفة','MSI','GF63','تنزيل windows 11 Pro','0595119894','2025-11-02 11:22:00',30.00,0.00,'cash','2025-11-02 18:04:00','سعيد',0,NULL,NULL,0.00,NULL,NULL,'2025-11-02 09:22:53','2025-11-02 14:04:03',NULL,1),(125,'pending','محيي الدين','HP','ProBook 650 G4','تفعيل الأوفيس و الويندوز + تنزيل zoom','0595806728','2025-11-02 12:14:00',0.00,15.00,'app','2025-11-02 14:15:00','سعيد',0,NULL,NULL,0.00,NULL,NULL,'2025-11-02 10:16:25','2025-11-02 13:59:24',NULL,1),(126,'pending','محمود رائد علوان','lenovo','B5070','يعمل ولا يعرض','0599188323','2025-11-02 15:25:00',0.00,0.00,'cash','2025-11-02 17:39:00','أبو أيوب',0,NULL,NULL,0.00,NULL,NULL,'2025-11-02 11:26:19','2025-11-02 13:39:49',NULL,1),(127,'pending','عبدالله السيقلي','hp','250 G7','ويندوز 10 pro فقط لقرص C + لحم ذراع وقاعدة','0592093613','2025-11-02 15:32:00',0.00,220.00,'app','2025-11-03 15:26:00','أبو أيوب',0,NULL,NULL,0.00,NULL,NULL,'2025-11-02 12:07:56','2025-11-04 05:26:36',NULL,1),(128,'pending','أحمد أبو شمالة','hp','EliteBook 8470p','مشكلة Bios','0566262626','2025-11-02 16:07:00',0.00,0.00,'app','2025-11-03 16:34:00','أبو أيوب',0,NULL,NULL,0.00,NULL,NULL,'2025-11-02 12:08:43','2025-11-03 12:34:20',NULL,1),(129,'pending','محمود الحج','Hwawi','Hwawi','مدخل شاحن + لابتوب HP','0598515020','2025-11-03 11:00:00',0.00,0.00,'mixed',NULL,'أبو أيوب',0,NULL,NULL,0.00,NULL,NULL,'2025-11-03 07:00:37','2025-11-03 07:00:37',NULL,1),(130,'pending','ابراهيم التليني','acer','ES-1533','ويندوز + برامج + تعريفات','0592050225','2025-11-03 14:20:00',0.00,25.00,'app','2025-11-03 16:02:00','سعيد',0,NULL,NULL,0.00,NULL,NULL,'2025-11-03 10:21:33','2025-11-03 12:33:33',NULL,1),(131,'pending','محمود سلمان','Lenovo','thinkPad 450','تنزيل ويندوز + برامج','0594898137','2025-11-03 15:06:00',30.00,0.00,'cash','2025-11-03 16:33:00','سعيد',0,NULL,NULL,0.00,NULL,NULL,'2025-11-03 11:07:43','2025-11-03 12:33:47',NULL,1),(132,'pending','عبدالرحمن معمر','Tushiba','C55','لوحة لابتوب','0599081018','2025-11-03 16:02:00',0.00,0.00,'app',NULL,'أبو أيوب',0,NULL,NULL,0.00,NULL,NULL,'2025-11-03 12:02:44','2025-11-03 12:02:44',NULL,1),(133,'pending','أحمد السقا','HP','250 G7','تنزيل ويندوز بالكامل','0599416658','2025-11-04 11:16:00',0.00,25.00,'app','2025-11-04 15:20:00','سعيد',0,NULL,NULL,0.00,NULL,NULL,'2025-11-04 07:16:44','2025-11-04 13:20:58',NULL,1),(134,'pending','ألاء عامر','HP','250 G7','تركيب بطارية مستعملة + تنزيل ويندوز 11 Pro + اوفيس 365','0592102677','2025-11-04 11:20:00',0.00,30.00,'app','2025-11-04 13:20:00','سعيد',0,NULL,NULL,0.00,NULL,NULL,'2025-11-04 07:21:24','2025-11-04 13:20:29',NULL,1),(135,'pending','زهير برهوم','HP','250 G4','تغيير مادة معالج + تنظيف بالكامل','0567995547','2025-11-04 13:28:00',0.00,0.00,'cash','2025-11-04 13:30:00','سعيد',0,NULL,NULL,0.00,NULL,'تراجع عن الصيانة','2025-11-04 09:29:19','2025-11-04 09:30:52',NULL,1),(136,'pending','ياسر معمر','HP','Probook 4540s','تغيير شاشة من جهاز إلى آخر + تركيب بطارية BIOS','0566229600','2025-11-04 17:22:00',100.00,0.00,'cash','2025-11-05 11:41:00','أبو أيوب',0,NULL,NULL,0.00,NULL,NULL,'2025-11-05 05:24:42','2025-11-05 07:46:25',NULL,1),(137,'pending','مجهول','------------','---------------','تثبيت الفوتوشوب والبريمير','0','2025-11-04 16:28:00',0.00,10.00,'app','2025-11-04 17:30:00','سعيد',0,NULL,NULL,0.00,NULL,NULL,'2025-11-05 06:30:37','2025-11-05 06:30:37',NULL,1),(138,'pending','مجهول','------------','---------------','برمجة راوتر','0','2025-11-04 16:45:00',5.00,0.00,'cash','2025-11-04 17:46:00','سعيد',0,NULL,NULL,0.00,NULL,NULL,'2025-11-05 06:46:24','2025-11-05 06:46:24',NULL,1),(139,'pending','ألاء ماضي','Fujsto','---------------','ويندوز 10 مع البرامج','0599715560','2025-11-05 11:17:00',0.00,30.00,'app','2025-11-06 11:05:00','سعيد',0,NULL,NULL,0.00,NULL,NULL,'2025-11-05 07:18:40','2025-11-08 06:06:06',NULL,1),(140,'pending','حاتم الفرا','lenovo','Ideapad 3','ذراعات + قاعدة','0568452326','2025-11-05 12:50:00',0.00,250.00,'app','2025-11-05 17:15:00','أبو أيوب',0,NULL,NULL,0.00,NULL,NULL,'2025-11-05 08:53:31','2025-11-08 06:15:34',NULL,1),(141,'pending','بلال النجار','HP','ProBook 450 G7','بطارية Bios','0598242120','2025-11-05 13:33:00',0.00,110.00,'app','2025-11-06 10:24:00','أبو أيوب',0,NULL,NULL,0.00,NULL,NULL,'2025-11-05 09:34:19','2025-11-06 06:24:12',NULL,1),(142,'pending','أشرف فودة','HP','EliteBook','طافي ولا يعمل','0593392068','2025-11-05 14:11:00',0.00,0.00,'app','2025-11-06 10:04:00','أبو أيوب',0,NULL,NULL,0.00,NULL,NULL,'2025-11-05 10:28:25','2025-11-08 06:05:18',NULL,1),(143,'pending','حازم الأغا','جهازين','lenovo + tushiba','ويندوز للجهازين','0599833928','2025-11-05 16:33:00',50.00,0.00,'cash','2025-11-10 12:07:00','سعيد',0,NULL,NULL,0.00,NULL,NULL,'2025-11-05 12:37:26','2025-11-10 08:07:57',NULL,1),(144,'pending','موسى ظهير','acer','E5 576G','تغيير شاشة + شاحن من حساب المحل','0567678321','2025-11-05 16:42:00',800.00,0.00,'cash','2025-11-06 16:25:00','أبو أيوب',0,NULL,NULL,0.00,NULL,'تم دفع 200 شيكل عربون','2025-11-05 12:44:02','2025-11-06 12:35:32',NULL,1),(145,'pending','عبدالله مسمح','DELL','5590','مشكلة في شحن البطارية','566060500','2025-11-05 17:07:00',0.00,0.00,'cash',NULL,'أبو أيوب',0,NULL,NULL,0.00,NULL,NULL,'2025-11-05 13:08:08','2025-11-05 13:08:08',NULL,1),(146,'pending','أنس السبع','HP','250 G7','ويندوز 10','0597486742','2025-11-06 10:07:00',0.00,30.00,'app','2025-11-06 04:18:00','سعيد',0,NULL,NULL,0.00,NULL,NULL,'2025-11-06 06:08:59','2025-11-08 06:18:44',NULL,1),(147,'pending','وسام بسام عياش','HP','250 G6','ذراعين + قاعدة','0598718993','2025-11-06 11:04:00',100.00,100.00,'mixed','2025-11-06 13:22:00','أبو أيوب',0,NULL,NULL,0.00,NULL,NULL,'2025-11-06 07:05:29','2025-11-06 09:22:21',NULL,1),(148,'pending','مرام أبو الكاس','acer','E5','قاعدة ذراعات + ويندوز + سماعات','0567133741','2025-11-05 17:25:00',0.00,120.00,'app','2025-11-06 18:17:00','أبو أيوب',0,NULL,NULL,0.00,NULL,NULL,'2025-11-06 07:21:16','2025-11-08 06:17:58',NULL,1),(149,'pending','محمد فرحان','MSI','ms-17E8','ذراع + قاعدة + تنظيف','0594019843','2025-11-06 12:17:00',0.00,250.00,'app','2025-11-06 15:56:00','أبو أيوب',0,NULL,NULL,0.00,NULL,NULL,'2025-11-06 08:22:27','2025-11-06 11:56:33',NULL,1),(150,'pending','معاذ أبو صبحة','acer','ES1-586C','طافي ولا يعمل\r\nتنظيف المشكلة','0567437784','2025-11-06 12:45:00',0.00,50.00,'app','2025-11-06 16:19:00','أبو أيوب',0,NULL,NULL,0.00,NULL,NULL,'2025-11-06 08:46:24','2025-11-08 06:19:41',NULL,1),(151,'pending','محمد أبو غرارة','HP','250 G7','تغيير لوحة\r\n0599793302','0599310171','2025-11-06 13:16:00',0.00,920.00,'app','2025-11-06 18:13:00','أبو أيوب',0,NULL,NULL,0.00,NULL,NULL,'2025-11-06 09:19:00','2025-11-06 14:13:26',NULL,1),(152,'pending','محمد أبو عامر','HP','Probook 450 G7','شلد شاشة أو شاشة','0597678145','2025-11-06 14:09:00',0.00,0.00,'cash','2025-11-06 17:22:00','أبو أيوب',0,NULL,NULL,0.00,NULL,NULL,'2025-11-06 10:10:04','2025-11-06 13:22:11',NULL,1),(153,'pending','أحمد العديني','Dell','5430','مشكلة في دائرة الشحن\r\n0567210875 رقم بديل','059408211','2025-11-06 16:59:00',0.00,0.00,'cash',NULL,'أبو أيوب',0,NULL,NULL,0.00,NULL,NULL,'2025-11-06 13:00:00','2025-11-08 05:12:18',NULL,1),(154,'pending','أحمد رامي حماد','MSI','GT72','مشكلة بطارية BIOS + رطوبة','0592548269','2025-11-08 08:42:00',0.00,0.00,'mixed','2025-11-08 09:14:00','أبو أيوب',0,NULL,NULL,0.00,NULL,NULL,'2025-11-08 04:43:57','2025-11-08 05:14:35',NULL,1),(155,'pending','خالد ديب الغزاوي','HP','250 G7','ذراعات + قاعدة','0598334298','2025-11-08 09:43:00',0.00,150.00,'app','2025-11-08 15:40:00','أبو أيوب',0,NULL,NULL,0.00,NULL,NULL,'2025-11-08 05:44:35','2025-11-08 11:40:28',NULL,1),(156,'pending','سوبر ماركت محمود عرفات','HP','250 G7','طافي ولا يعمل','0599065033','2025-11-08 09:53:00',240.00,0.00,'cash','2025-11-08 11:36:00','أبو أيوب',0,NULL,NULL,0.00,NULL,NULL,'2025-11-08 05:55:30','2025-11-08 07:36:43',NULL,1),(157,'pending','دايا حسين','HP','EliteBook 840 G1','صيانة أو تغيير مروحة','0594198986','2025-11-08 10:25:00',195.00,0.00,'cash','2025-11-15 10:33:00','أبو أيوب',0,NULL,NULL,0.00,NULL,NULL,'2025-11-08 06:26:44','2025-11-15 06:38:09',NULL,1),(158,'pending','رواء رامز محمد الأشقر','Lenovo','ideapad','مشكلة هارد أو تنظيف','0595636992','2025-11-08 10:37:00',0.00,0.00,'app','2025-11-08 15:22:00','أبو أيوب',0,NULL,NULL,0.00,NULL,NULL,'2025-11-08 06:38:34','2025-11-09 07:22:47',NULL,1),(159,'pending','رامي تيسير أبو يوسف','HP','250 G8','يعمل ولا يعرض','0598228189','2025-11-08 10:40:00',0.00,0.00,'app','2025-11-08 10:53:00','أبو أيوب',0,NULL,NULL,0.00,NULL,NULL,'2025-11-08 06:41:24','2025-11-08 06:53:41',NULL,1),(160,'pending','ياسر أبو شعت','Dell','inspira 3421','لا يشحن ولا يعمل','0598781815','2025-11-08 11:16:00',0.00,0.00,'cash','2025-11-10 11:36:00','أبو أيوب',0,NULL,NULL,0.00,NULL,NULL,'2025-11-08 07:17:43','2025-11-10 07:36:46',NULL,1),(161,'pending','الحسين شاهين','MSI','GT36','تنزيل ويندوز 11','0567085147','2025-11-08 12:29:00',0.00,30.00,'app','2025-11-08 15:21:00','سعيد',0,NULL,NULL,0.00,NULL,NULL,'2025-11-08 08:29:44','2025-11-09 07:21:25',NULL,1),(162,'pending','فاطمة الكحلوت','HP','EliteBook 840 G6','تنظيف كامل باقي للزبون 5 شيكل كاش','0595027912','2025-11-08 12:55:00',90.00,0.00,'cash','2025-11-08 17:02:00','أبو أيوب',0,NULL,NULL,0.00,NULL,NULL,'2025-11-08 08:56:17','2025-11-09 07:02:44',NULL,1),(163,'pending','أحمد بارود','HP','250 G6','تغيير الويندوز + نقل ملفات عن القرص C','0592893619','2025-11-08 13:52:00',0.00,0.00,'app','2025-11-09 13:45:00','سعيد',0,NULL,NULL,0.00,NULL,NULL,'2025-11-08 09:53:21','2025-11-09 09:45:08',NULL,1),(164,'pending','محمد هاني رضوان','lenovo','ideapad','فحص','0567128037','2025-11-08 13:53:00',0.00,0.00,'cash','2025-11-08 16:09:00','أبو أيوب',0,NULL,NULL,0.00,NULL,NULL,'2025-11-08 09:54:04','2025-11-10 09:09:25',NULL,1),(165,'pending','ميرة ضبان','HP','ZBook 5','تغغير ويندوز + تثبيت الهارد + تركيب cady','0599508150','2025-11-08 14:36:00',0.00,0.00,'app',NULL,'أبو أيوب',0,NULL,NULL,0.00,NULL,NULL,'2025-11-08 10:37:23','2025-11-08 10:42:46',NULL,1),(166,'pending','غرام صافي','HP','250 G8','شلد شاشة','0592400797','2025-11-08 16:03:00',150.00,0.00,'cash','2025-11-08 17:21:00','أبو أيوب',0,NULL,NULL,0.00,NULL,NULL,'2025-11-08 12:05:23','2025-11-08 13:21:11',NULL,1),(167,'pending','محمود جبر  أبو طعيمة','HP','250 G8','طافي يشحن ولا يعمل','0592951537','2025-11-08 16:16:00',0.00,0.00,'cash',NULL,'أبو أيوب',0,NULL,NULL,0.00,NULL,NULL,'2025-11-08 12:17:48','2025-11-09 05:58:45',NULL,1),(168,'pending','سلمى مطر','lenovo','ideapad','لوحة للابتوب','0567089999','2025-11-08 16:42:00',0.00,0.00,'cash','2025-11-09 15:14:00','أبو أيوب',0,NULL,NULL,0.00,NULL,NULL,'2025-11-08 12:42:45','2025-11-09 11:47:48',NULL,1),(169,'pending','علي قبلان','Acer','ES1','ذراع + قاعدة','0599651778','2025-11-08 16:42:00',100.00,100.00,'mixed','2025-11-09 16:56:00','أبو أيوب',0,NULL,NULL,0.00,NULL,NULL,'2025-11-08 12:44:49','2025-11-09 13:56:48',NULL,1),(170,'pending','مجهول','acer','Gaming','تغيير مادة معالج + نسخ العاب ب 15 شيكل','0','2025-11-08 17:21:00',0.00,115.00,'app','2025-11-08 17:22:00','أبو أيوب',0,NULL,NULL,0.00,NULL,NULL,'2025-11-08 13:22:08','2025-11-08 13:22:08',NULL,1),(171,'pending','مجدي شيخ العيد','HP','250 G4','فحص طافي','0592532034','2025-11-09 09:48:00',0.00,0.00,'app','2025-11-09 11:00:00','أبو أيوب',0,NULL,NULL,0.00,NULL,NULL,'2025-11-09 05:48:30','2025-11-09 07:00:16',NULL,1),(172,'pending','مصطفى توفيق السرسك','lenovo','ideapad','تغيير شاشة + ويندوز مع برامج','0598268515','2025-11-09 09:53:00',230.00,200.00,'mixed',NULL,'أبو أيوب',0,NULL,NULL,0.00,NULL,NULL,'2025-11-09 05:54:16','2025-11-09 05:54:16',NULL,1),(173,'pending','يحيى العسولي','HP','ProBook 650 G4','طافي ولا يعمل','0595042668','2025-11-09 10:56:00',0.00,0.00,'cash','2025-11-09 16:06:00','أبو أيوب',0,NULL,NULL,0.00,NULL,NULL,'2025-11-09 06:57:38','2025-11-10 09:06:28',NULL,1),(174,'pending','يحيى العسولي','HP','ProBook 450 G4','طافي ولا يعمل','0595042668','2025-11-09 10:57:00',0.00,0.00,'cash','2025-11-09 16:06:00','أبو أيوب',0,NULL,NULL,0.00,NULL,NULL,'2025-11-09 06:59:06','2025-11-10 09:06:39',NULL,1),(175,'pending','يحيى العسولي','lenovo','G560','طافي ولا يعمل','0595042668','2025-11-09 10:59:00',0.00,0.00,'cash','2025-11-09 16:06:00','أبو أيوب',0,NULL,NULL,0.00,NULL,NULL,'2025-11-09 06:59:45','2025-11-10 09:06:49',NULL,1),(176,'pending','محمد نبيل شهوان','Lenovo','G500','تنزيل ويندوز 10','0595522289','2025-11-09 11:11:00',0.00,30.00,'cash','2025-11-09 13:04:00','سعيد',0,NULL,NULL,0.00,NULL,NULL,'2025-11-09 07:20:35','2025-11-10 09:04:51',NULL,1),(177,'pending','هدنة أبو دريز','HP','EliteBook 840 G3','مشكلة في الهارد','0592616070','2025-11-09 13:03:00',0.00,30.00,'app','2025-11-09 15:05:00','أبو أيوب',0,NULL,NULL,0.00,NULL,NULL,'2025-11-09 09:08:03','2025-11-10 09:05:18',NULL,1),(178,'pending','رامي تيسير أبو يوسف','HP','250 G8','يعمل ولا يعرض','0598228189','2025-11-09 13:19:00',0.00,140.00,'app','2025-11-09 16:34:00','أبو أيوب',0,NULL,NULL,0.00,NULL,NULL,'2025-11-09 09:19:54','2025-11-09 12:34:28',NULL,1),(179,'pending','محمد فسيفس','HP','ProBook 450 G7','وقع في ماء ولا يعمل','0592569040','2025-11-09 13:25:00',0.00,0.00,'app','2025-11-09 17:07:00','أبو أيوب',0,NULL,NULL,0.00,NULL,NULL,'2025-11-09 09:27:11','2025-11-10 09:07:50',NULL,1),(180,'pending','ابراهيم زكي اللحام','HP','250 G8','سخونة عالية + فحص','0598086181','2025-11-09 13:35:00',100.00,0.00,'cash','2025-11-09 16:57:00','أبو أيوب',0,NULL,NULL,0.00,NULL,NULL,'2025-11-09 09:36:37','2025-11-09 13:57:38',NULL,1),(181,'pending','عيسى أبو طعيمة','acer','P455','طافي ولا يشحن','0594365319','2025-11-09 15:58:00',0.00,0.00,'cash','2025-11-09 16:08:00','أبو أيوب',0,NULL,NULL,0.00,NULL,NULL,'2025-11-09 11:59:39','2025-11-10 09:08:54',NULL,1),(182,'pending','محمد أبو ضباع','HP','15s','شحن BIOS','0599611939','2025-11-09 16:21:00',0.00,0.00,'app','2025-11-09 16:08:00','أبو أيوب',0,NULL,NULL,0.00,NULL,NULL,'2025-11-09 12:22:34','2025-11-10 09:08:06',NULL,1),(183,'pending','فراس وهبة','HP','Probook 4530s','طافي ولا يعمل','0599696183','2025-11-10 08:42:00',0.00,0.00,'cash','2025-11-10 08:49:00','أبو أيوب',0,NULL,NULL,0.00,NULL,NULL,'2025-11-10 04:44:59','2025-11-10 04:49:40',NULL,1),(184,'pending','رائد عدنان حلس','lenovo','G560','ويندوز 10 مع برامجه','0599785285','2025-11-10 09:37:00',0.00,40.00,'cash','2025-11-10 13:08:00','سعيد',0,NULL,NULL,0.00,NULL,NULL,'2025-11-10 05:38:45','2025-11-10 09:08:20',NULL,1),(185,'pending','سمر محسن','HP','ProBook','طافي ولا يعمل','0595923248','2025-11-10 10:36:00',0.00,30.00,'app','2025-11-10 11:15:00','سيف',0,NULL,NULL,0.00,NULL,NULL,'2025-11-10 06:48:10','2025-11-10 07:16:07',NULL,1),(186,'pending','مصعب البحابصة','lenovo','ideapad','ويندوز 11','0','2025-11-10 10:55:00',0.00,30.00,'app','2025-11-10 16:11:00','سعيد',0,NULL,NULL,0.00,NULL,NULL,'2025-11-10 06:55:25','2025-11-11 06:11:26',NULL,1),(187,'pending','مجهول','------------','---------------','نسخ برامج','0','2025-11-09 13:03:00',10.00,0.00,'cash','2025-11-09 13:03:00','سعيد',0,NULL,NULL,0.00,NULL,NULL,'2025-11-10 09:03:51','2025-11-10 09:03:51',NULL,1),(188,'pending','هبة الأخرس','lenovo','B575e','يعمل ولا يعرض','0599061328','2025-11-10 15:40:00',0.00,0.00,'app',NULL,'أبو أيوب',0,NULL,NULL,0.00,NULL,NULL,'2025-11-10 11:41:32','2025-11-10 11:41:32',NULL,1),(189,'pending','يوسف ابو اسماعيل','lenovo','thinkPad T470','طافي يشحن ولا يعمل\r\nتغيير مادة معالج + تنظيف','0595521414','2025-11-11 10:10:00',100.00,0.00,'cash','2025-11-11 17:10:00','أبو أيوب',0,NULL,NULL,0.00,NULL,NULL,'2025-11-11 06:10:50','2025-11-11 13:16:01',NULL,1),(190,'pending','مجهول','------------','---------------','تفعيل اوفيس + ويندوز','0','2025-11-10 10:23:00',10.00,0.00,'cash','2025-11-10 11:24:00','سعيد',0,NULL,NULL,0.00,NULL,NULL,'2025-11-11 06:24:06','2025-11-11 06:24:06',NULL,1),(191,'pending','مجهول','------------','---------------','ازالة كلمة مرور windows\r\nباسم سليم وائل صافي','0','2025-11-10 10:24:00',20.00,0.00,'cash','2025-11-10 16:32:00','سعيد',0,NULL,NULL,0.00,NULL,NULL,'2025-11-11 06:30:17','2025-11-11 06:32:25',NULL,1),(192,'pending','مجهول','------------','---------------','تفعيل اوفيس + ويندوز','0','2025-11-10 10:31:00',10.00,0.00,'cash','2025-11-11 15:32:00','سعيد',0,NULL,NULL,0.00,NULL,NULL,'2025-11-11 06:32:10','2025-11-11 06:32:10',NULL,1),(193,'pending','يارا الجزار','hp','EliteBook','طافي ولا يعمل','0597505806','2025-11-11 11:00:00',0.00,200.00,'app','2025-11-13 15:04:00','أبو أيوب',0,NULL,NULL,0.00,NULL,NULL,'2025-11-11 07:01:10','2025-11-13 12:04:33',NULL,1),(194,'pending','هاني شراب','MSI','MS-16R5','طافي ولا يعمل ولا يشحن\r\nشرط كهرباء في دائرة الشحن + سكت رام + تغيير مادة معالج','0595363342','2025-11-11 11:51:00',150.00,0.00,'cash','2025-11-11 13:50:00','أبو أيوب',0,NULL,NULL,0.00,NULL,NULL,'2025-11-11 07:52:07','2025-11-11 09:54:12',NULL,1),(195,'pending','شعبان شاهين','Lenovo','X one carbon','تغغير مادة معالج + ويندوز','0599631546','2025-11-11 12:39:00',0.00,100.00,'app','2025-11-11 16:10:00','أبو أيوب',0,NULL,NULL,0.00,NULL,NULL,'2025-11-11 08:40:42','2025-11-12 04:10:27',NULL,1),(196,'pending','محمود سلمان','lenovo','thinkPad','مضاد فيروس','05994898137','2025-11-11 12:51:00',0.00,0.00,'app','2025-11-11 16:10:00','سعيد',0,NULL,NULL,0.00,NULL,NULL,'2025-11-11 08:52:15','2025-11-12 04:10:56',NULL,1),(197,'pending','عمر أبو كوش','lenovo','ideapad','طافي لا يشحن','0594033723','2025-11-11 12:53:00',60.00,0.00,'cash','2025-11-11 17:18:00','أبو أيوب',0,NULL,NULL,0.00,NULL,NULL,'2025-11-11 08:53:57','2025-11-11 13:18:03',NULL,1),(198,'pending','أم محمد الجبور | إبراهيم اللحام','HP','250 G8','فحص +حرارة عالية + ويندوز','0599263960','2025-11-11 13:01:00',0.00,0.00,'app','2025-11-11 16:09:00','أبو أيوب',0,NULL,NULL,0.00,NULL,NULL,'2025-11-11 09:02:56','2025-11-12 04:09:58',NULL,1),(199,'pending','عبدالرحمن العبادسة','Fujsto','---------','ويندوز 10','0598686087','2025-11-11 14:40:00',40.00,0.00,'cash','2025-11-11 17:09:00','أبو أيوب',0,NULL,NULL,0.00,NULL,NULL,'2025-11-11 10:43:10','2025-11-12 04:09:23',NULL,1),(200,'pending','تيسير معمر','lenovo','thinkPad E330','هارد SSD 240G  + ويندوز','0592524221','2025-11-11 16:04:00',0.00,0.00,'cash',NULL,'أبو أيوب',0,NULL,NULL,0.00,NULL,NULL,'2025-11-11 12:08:17','2025-11-11 12:08:17',NULL,1),(201,'pending','أمينة الخطيب','Tushiba','c55','تغيير شاشة','0569691656','2025-11-12 10:32:00',0.00,0.00,'cash','2025-11-13 14:01:00','أبو أيوب',0,NULL,NULL,0.00,NULL,NULL,'2025-11-12 06:32:53','2025-11-13 10:01:46',NULL,1),(202,'pending','وسام عاشور','MSI','gf63','ذراع + فحص شاشة','0599833354','2025-11-12 10:47:00',0.00,150.00,'app',NULL,'أبو أيوب',0,NULL,NULL,0.00,NULL,NULL,'2025-11-12 06:47:58','2025-11-12 06:49:23',NULL,1),(203,'pending','وسام عاشور','HP','250 G7','فحص قبل الصيانة','0599833354','2025-11-12 10:49:00',0.00,0.00,'app',NULL,'أبو أيوب',0,NULL,NULL,0.00,NULL,NULL,'2025-11-12 06:50:01','2025-11-12 06:50:01',NULL,1),(204,'pending','عبدالله اللحام','HP','Pavilion G1','ويندوز 7','0592411745','2025-11-12 11:42:00',30.00,0.00,'cash','2025-11-13 10:13:00','سعيد',0,NULL,NULL,0.00,NULL,NULL,'2025-11-12 07:43:30','2025-11-13 07:13:27',NULL,1),(205,'pending','سوبر ماركت محمود عرفات','HP','250 G4','ويندوز 10 + SSD 240','0599065033','2025-11-12 11:48:00',0.00,0.00,'app','2025-11-12 15:13:00','سعيد',0,NULL,NULL,0.00,NULL,NULL,'2025-11-12 07:49:06','2025-11-15 04:40:39',NULL,1),(206,'pending','علي عاشور','HP','EliteBook 820','ويندوز 10 + برامجه','0566161747','2025-11-12 12:07:00',0.00,30.00,'app','2025-11-13 10:12:00','سعيد',0,NULL,NULL,0.00,NULL,NULL,'2025-11-12 08:08:41','2025-11-13 07:12:56',NULL,1),(207,'pending','محمد مصبح','HP','250 G8','فحص شلد شاشة','0593294602','2025-11-12 13:14:00',0.00,100.00,'app','2025-11-15 17:17:00','أبو أيوب',0,NULL,NULL,0.00,NULL,NULL,'2025-11-12 09:15:35','2025-11-15 13:18:11',NULL,1),(208,'pending','علاء أبو سعادة','MSI','GF','يعمل ويعرض\r\nمشكلة في دائرة العرض','0594784505','2025-11-12 13:17:00',150.00,0.00,'cash','2025-11-13 16:38:00','أبو أيوب',0,NULL,NULL,0.00,NULL,NULL,'2025-11-12 09:19:28','2025-11-22 08:58:05',NULL,1),(209,'pending','أحمد النجار','HP','Probook 450 G5','طافي لا يعرض ولايشحن','0567202490','2025-11-13 10:35:00',0.00,200.00,'cash','2025-11-13 16:38:00','أبو أيوب',0,NULL,NULL,0.00,NULL,NULL,'2025-11-13 06:35:44','2025-11-13 12:38:25',NULL,1),(210,'pending','عبدالله حامد','HP','250 G7','تغيير للوحة المفاتيح','0598273622','2025-11-13 11:05:00',0.00,250.00,'app',NULL,'أبو أيوب',0,NULL,NULL,0.00,NULL,NULL,'2025-11-13 07:06:58','2025-11-13 11:58:28',NULL,1),(211,'pending','توفيق بريكة','lenovo','ideapad','طافي لا يعمل','0598328400','2025-11-13 15:31:00',0.00,0.00,'cash',NULL,'أبو أيوب',0,NULL,NULL,0.00,NULL,NULL,'2025-11-13 11:32:19','2025-11-13 11:32:19',NULL,1),(212,'pending','مجهول','MSI','---------------','تفعيل ويندوز','0','2025-11-13 17:16:00',0.00,10.00,'app','2025-11-13 17:17:00','سعيد',0,NULL,NULL,0.00,NULL,NULL,'2025-11-13 13:17:16','2025-11-13 13:17:16',NULL,1),(213,'pending','مجهول','HP','Victus','تنزيل برامج + تعريفات','0','2025-11-13 17:18:00',15.00,0.00,'cash','2025-11-13 17:31:00','سعيد',0,NULL,NULL,0.00,NULL,NULL,'2025-11-13 13:18:29','2025-11-15 04:31:55',NULL,1),(214,'pending','مجهول','------------','---------------','تعريف طابعة','0','2025-11-12 08:34:00',6.00,0.00,'cash','2025-11-12 08:34:00','سعيد',0,NULL,NULL,0.00,NULL,NULL,'2025-11-15 04:35:00','2025-11-15 04:35:00',NULL,1),(215,'pending','مجهول','------------','---------------','antivirus','0','2025-11-12 08:36:00',20.00,0.00,'cash','2025-11-12 08:37:00','سعيد',0,NULL,NULL,0.00,NULL,NULL,'2025-11-15 04:37:44','2025-11-15 04:37:44',NULL,1),(216,'pending','مجهول','------------','---------------','تفعيل ويندوز','0','2025-11-12 08:37:00',0.00,10.00,'app','2025-11-12 08:39:00','سعيد',0,NULL,NULL,0.00,NULL,NULL,'2025-11-15 04:39:26','2025-11-15 04:39:26',NULL,1),(217,'pending','مجهول','HP','350 G1','تغيير شاشة','0','2025-11-12 08:40:00',200.00,350.00,'mixed','2025-11-12 08:41:00','أبو أيوب',0,NULL,NULL,0.00,NULL,NULL,'2025-11-15 04:42:04','2025-11-15 04:42:04',NULL,1),(218,'pending','ضياء أخو حازم','lenovo','ideapad','تركيب شاشة + صيانة ذراع','0','2025-11-12 08:42:00',0.00,550.00,'app','2025-11-12 08:58:00','أبو أيوب',0,NULL,NULL,0.00,NULL,NULL,'2025-11-15 04:58:55','2025-11-15 04:58:55',NULL,1),(219,'pending','رامي تيسير أبو يوسف','HP','250 G8','يعمل ولا يعرض','0598228189','2025-11-15 11:12:00',0.00,0.00,'app',NULL,'أبو أيوب',0,NULL,NULL,0.00,NULL,NULL,'2025-11-15 07:12:52','2025-11-15 07:12:52',NULL,1),(220,'pending','الحسين عبد الحليم شاهين','MSI','GF63','تركيب SSD 240','0567085147','2025-11-15 12:14:00',0.00,0.00,'app',NULL,'أبو أيوب',0,NULL,NULL,0.00,NULL,NULL,'2025-11-15 08:19:00','2025-11-15 08:19:00',NULL,1),(221,'pending','أٍسماء عبدالهادي','HP','EliteBook','عمل 3 ازرار','0598272500','2025-11-15 12:19:00',0.00,0.00,'app','2025-11-16 12:13:00','أبو أيوب',0,NULL,NULL,0.00,NULL,NULL,'2025-11-15 08:20:59','2025-11-16 08:13:32',NULL,1),(222,'pending','ضياء عبدالعال','Lenovo','ideapad 1','ويندوز 10','0595077910','2025-11-15 12:38:00',0.00,30.00,'app','2025-11-15 16:35:00','سعيد',0,NULL,NULL,0.00,NULL,NULL,'2025-11-15 08:39:12','2025-11-15 12:35:51',NULL,1),(223,'pending','أحمد صيام','HP','15R','طافي يشحن ولا يعمل','0','2025-11-15 13:52:00',0.00,100.00,'mixed','2025-11-15 16:16:00','أبو أيوب',0,NULL,NULL,0.00,NULL,NULL,'2025-11-15 09:52:43','2025-11-15 13:54:16',NULL,1),(224,'pending','أحمد ضياء الأسطل','PC','PC','مشكلة في لوحة الكمبيوتر','0567517497','2025-11-15 14:14:00',0.00,0.00,'mixed',NULL,'أبو أيوب',0,NULL,NULL,0.00,NULL,NULL,'2025-11-15 10:15:15','2025-11-15 10:15:15',NULL,1),(225,'pending','محمود أبو هلال','HP','250 G6','تغيير مذر','0597921241','2025-11-15 14:45:00',0.00,0.00,'app',NULL,'أبو أيوب',0,NULL,NULL,0.00,NULL,NULL,'2025-11-15 10:49:28','2025-11-15 12:34:16',NULL,1),(226,'pending','ألاء حسن أبو عبيدة','HP','ProBook 650 G4','صيانة كمسر + شلد شاشة','0599766791','2025-11-15 14:52:00',0.00,150.00,'app','2025-11-15 17:10:00','أبو أيوب',0,NULL,NULL,0.00,NULL,NULL,'2025-11-15 10:54:18','2025-11-15 13:11:06',NULL,1),(227,'pending','كرم أبو جزر','HP','ProBook 450 G4','ويندوز 10','059944195','2025-11-15 15:38:00',30.00,0.00,'cash','2025-11-15 15:39:00','سعيد',0,NULL,NULL,0.00,NULL,NULL,'2025-11-15 11:39:16','2025-11-15 11:39:16',NULL,1),(228,'pending','هيثم أبو عودة','HP','250 G6','لوحة غرقانة بالماء','0','2025-11-15 17:54:00',0.00,80.00,'app','2025-11-15 17:55:00','أبو أيوب',0,NULL,NULL,0.00,NULL,NULL,'2025-11-15 13:55:20','2025-11-15 13:55:20',NULL,1),(229,'pending','محمد مقداد','HP','250 G7','يعمل ولا يعرض','0594900670','2025-11-16 10:04:00',0.00,0.00,'app',NULL,'أبو أيوب',0,NULL,NULL,0.00,NULL,NULL,'2025-11-16 06:04:49','2025-11-16 06:04:49',NULL,1),(230,'pending','علاء أبو سعادة','MSI','GF','مرجع لمشكة طافي','0594784505','2025-11-22 12:58:00',0.00,0.00,'app','2025-11-22 17:06:00','أبو أيوب',0,NULL,NULL,0.00,NULL,NULL,'2025-11-22 08:59:14','2025-11-22 13:06:14',NULL,1),(231,'pending','ياسر ابو غيث','PC','PC','يعمل ولا يعرض','0593408066','2025-11-22 12:59:00',0.00,0.00,'mixed',NULL,'أبو أيوب',0,NULL,NULL,0.00,NULL,NULL,'2025-11-22 09:00:16','2025-11-22 09:00:16',NULL,1),(232,'pending','أبو عيسى العرجا','HP','250 G4','صيانة ذراع','0599211794','2025-11-22 13:01:00',0.00,0.00,'mixed',NULL,'أبو أيوب',0,NULL,NULL,0.00,NULL,NULL,'2025-11-22 09:02:13','2025-11-22 09:02:13',NULL,1),(233,'pending','عبد الرحمن بركة','HP','0','لايعرض مع فحص','0592410210','2025-11-22 13:06:00',0.00,0.00,'mixed',NULL,'أبو أيوب',0,NULL,NULL,0.00,NULL,NULL,'2025-11-22 09:07:05','2025-11-22 09:07:05',NULL,1),(234,'pending','سلمان تيم','lenovo','thinkPad X260','طافي ولا يعمل ولايشحن','0568121817','2025-11-22 14:29:00',0.00,0.00,'app',NULL,'أبو أيوب',0,NULL,NULL,0.00,NULL,NULL,'2025-11-22 10:30:05','2025-11-22 10:30:05',NULL,1),(235,'pending','سوسن رأفت أبو قوطة','lenovo','thinkPad X330','طافي ولا يعمل','0594744935','2025-11-22 16:03:00',0.00,0.00,'mixed',NULL,'أبو أيوب',0,NULL,NULL,0.00,NULL,NULL,'2025-11-22 12:08:42','2025-11-22 12:08:42',NULL,1),(236,'pending','كمال خالد شعت','جوال - A13','A13','asf','0567347096','2025-11-23 07:01:47',0.00,0.00,'app','2025-11-23 00:00:00','online_sale',0,NULL,NULL,NULL,NULL,'تم إضافتها من معرض الجوال','2025-11-23 05:01:47','2025-11-23 05:01:47',NULL,1);
/*!40000 ALTER TABLE `repairs` ENABLE KEYS */;
UNLOCK TABLES;

--
-- Table structure for table `returned_goods`
--

DROP TABLE IF EXISTS `returned_goods`;
/*!40101 SET @saved_cs_client     = @@character_set_client */;
/*!40101 SET character_set_client = utf8 */;
CREATE TABLE `returned_goods` (
  `id` bigint(20) unsigned NOT NULL AUTO_INCREMENT,
  `supplier_name` varchar(191) COLLATE utf8mb4_unicode_ci NOT NULL,
  `product_name` varchar(191) COLLATE utf8mb4_unicode_ci NOT NULL,
  `reason` text COLLATE utf8mb4_unicode_ci NOT NULL,
  `issue_discovered_date` date NOT NULL,
  `status` enum('pending','returned','replaced','refunded') COLLATE utf8mb4_unicode_ci NOT NULL DEFAULT 'pending',
  `notes` text COLLATE utf8mb4_unicode_ci,
  `created_at` timestamp NULL DEFAULT NULL,
  `updated_at` timestamp NULL DEFAULT NULL,
  `branch_id` bigint(20) unsigned DEFAULT NULL,
  PRIMARY KEY (`id`),
  KEY `returned_goods_branch_id_foreign` (`branch_id`)
) ENGINE=MyISAM DEFAULT CHARSET=utf8mb4 COLLATE=utf8mb4_unicode_ci;
/*!40101 SET character_set_client = @saved_cs_client */;

--
-- Dumping data for table `returned_goods`
--

LOCK TABLES `returned_goods` WRITE;
/*!40000 ALTER TABLE `returned_goods` DISABLE KEYS */;
/*!40000 ALTER TABLE `returned_goods` ENABLE KEYS */;
UNLOCK TABLES;

--
-- Table structure for table `sales`
--

DROP TABLE IF EXISTS `sales`;
/*!40101 SET @saved_cs_client     = @@character_set_client */;
/*!40101 SET character_set_client = utf8 */;
CREATE TABLE `sales` (
  `id` bigint(20) unsigned NOT NULL AUTO_INCREMENT,
  `product` varchar(191) COLLATE utf8mb4_unicode_ci NOT NULL,
  `type` varchar(191) COLLATE utf8mb4_unicode_ci NOT NULL,
  `quantity` int(10) unsigned NOT NULL DEFAULT '1',
  `sale_date` datetime NOT NULL,
  `payment_method` varchar(20) COLLATE utf8mb4_unicode_ci NOT NULL,
  `cash_amount` decimal(10,2) DEFAULT NULL,
  `app_amount` decimal(10,2) DEFAULT NULL,
  `is_returned` tinyint(1) NOT NULL DEFAULT '0',
  `notes` text COLLATE utf8mb4_unicode_ci,
  `created_at` timestamp NULL DEFAULT NULL,
  `updated_at` timestamp NULL DEFAULT NULL,
  `deleted_at` timestamp NULL DEFAULT NULL,
  `total_price` decimal(10,2) DEFAULT NULL,
  `branch_id` bigint(20) unsigned DEFAULT NULL,
  PRIMARY KEY (`id`),
  KEY `sales_branch_id_foreign` (`branch_id`)
) ENGINE=MyISAM AUTO_INCREMENT=225 DEFAULT CHARSET=utf8mb4 COLLATE=utf8mb4_unicode_ci;
/*!40101 SET character_set_client = @saved_cs_client */;

--
-- Dumping data for table `sales`
--

LOCK TABLES `sales` WRITE;
/*!40000 ALTER TABLE `sales` DISABLE KEYS */;
INSERT INTO `sales` VALUES (1,'رامات','Laptop RAM 16G PC4',1,'2025-10-12 11:22:00','app',0.00,200.00,0,NULL,'2025-10-12 09:23:05','2025-10-12 09:48:23',NULL,NULL,1),(2,'مايكروفون','سماعة كبير',1,'2025-10-12 15:40:00','app',0.00,20.00,0,NULL,'2025-10-12 09:41:46','2025-10-12 09:41:46',NULL,NULL,1),(3,'وصلات','سماعات 3 الوان',1,'2025-10-12 15:41:00','app',0.00,20.00,0,NULL,'2025-10-12 09:46:35','2025-10-12 09:46:35',NULL,NULL,1),(4,'سماعة','بلوتوث',1,'2025-10-12 15:47:00','app',0.00,260.00,0,NULL,'2025-10-12 09:47:41','2025-10-12 09:47:41',NULL,NULL,1),(5,'فلاش','64G',1,'2025-10-12 15:47:00','app',0.00,100.00,0,NULL,'2025-10-12 09:48:03','2025-10-12 09:48:03',NULL,NULL,1),(6,'حاوية','HDD',1,'2025-10-12 18:22:00','app',0.00,120.00,0,NULL,'2025-10-12 12:22:37','2025-10-12 12:22:37',NULL,NULL,1),(7,'ماوس','تجاري',1,'2025-10-13 15:29:00','cash',20.00,0.00,0,NULL,'2025-10-13 09:29:55','2025-10-13 09:29:55',NULL,NULL,1),(8,'ماوس','SZZ',1,'2025-10-13 16:21:00','app',0.00,150.00,0,NULL,'2025-10-13 10:25:51','2025-10-13 10:25:51',NULL,NULL,1),(9,'مروحة','PC FAN',1,'2025-10-13 17:16:00','cash',95.00,0.00,0,NULL,'2025-10-13 11:16:47','2025-10-13 12:27:57','2025-10-13 12:27:57',NULL,1),(10,'كابل','HDMI 2M',1,'2025-10-13 17:17:00','app',0.00,30.00,0,NULL,'2025-10-13 11:17:54','2025-10-13 11:17:54',NULL,NULL,1),(11,'مروحة','Laptop Fan',1,'2025-10-13 16:28:00','cash',95.00,0.00,0,NULL,'2025-10-13 12:28:26','2025-10-13 12:28:26',NULL,NULL,1),(12,'ماوس','MW 104',1,'2025-10-14 13:37:00','app',0.00,80.00,0,NULL,'2025-10-14 07:37:41','2025-10-14 07:37:41',NULL,NULL,1),(13,'قاعدة ماوس','صغير',1,'2025-10-14 13:37:00','app',0.00,10.00,0,NULL,'2025-10-14 07:38:13','2025-10-14 07:38:13',NULL,NULL,1),(14,'حاوية','HDD',1,'2025-10-14 16:10:00','app',0.00,140.00,0,NULL,'2025-10-14 10:29:19','2025-10-14 10:29:19',NULL,NULL,1),(15,'ماوس','تجاري',1,'2025-10-14 16:41:00','app',0.00,25.00,0,NULL,'2025-10-14 10:41:48','2025-10-14 10:41:48',NULL,NULL,1),(16,'شاحن تجاري','HP تجاري رفيع',1,'2025-10-14 19:06:00','mixed',50.00,100.00,1,'تم الإرجاع في 2025-10-14 16:09:29','2025-10-14 13:07:15','2025-10-14 13:09:34','2025-10-14 13:09:34',NULL,1),(17,'سماعة','Scorpion',1,'2025-10-15 09:31:00','app',0.00,125.00,0,NULL,'2025-10-15 03:32:10','2025-10-15 03:32:10',NULL,NULL,1),(18,'ارجيات','ارجيات مغلق',6,'2025-10-14 13:52:00','mixed',10.00,5.00,0,NULL,'2025-10-15 03:53:10','2025-10-15 03:53:10',NULL,NULL,1),(19,'ماوس','MW 104',1,'2025-10-14 15:53:00','cash',60.00,0.00,0,NULL,'2025-10-15 03:54:34','2025-10-15 03:54:34',NULL,NULL,1),(20,'قاعدة ماوس','صغير',1,'2025-10-14 15:54:00','cash',10.00,0.00,0,NULL,'2025-10-15 03:55:06','2025-10-15 03:55:06',NULL,NULL,1),(21,'لزقة','لزقة لوحة مفاتيح',1,'2025-10-14 15:55:00','cash',10.00,0.00,0,NULL,'2025-10-15 03:55:31','2025-10-15 03:55:31',NULL,NULL,1),(22,'مروحة','Laptop Fan',1,'2025-10-14 15:55:00','cash',100.00,0.00,0,NULL,'2025-10-15 03:55:58','2025-10-15 03:55:58',NULL,NULL,1),(23,'ماوس','AnyWhere كبير',1,'2025-10-15 13:42:00','cash',75.00,0.00,0,NULL,'2025-10-15 07:44:09','2025-10-15 07:44:09',NULL,NULL,1),(24,'قاعدة ماوس','صغير',1,'2025-10-15 13:44:00','cash',10.00,0.00,0,NULL,'2025-10-15 07:44:49','2025-10-15 07:44:49',NULL,NULL,1),(25,'ماوس','تجاري',1,'2025-10-15 13:44:00','cash',15.00,0.00,0,NULL,'2025-10-15 07:45:29','2025-10-15 07:45:29',NULL,NULL,1),(26,'وصلات','وصلة طابعة او راديو اسود',1,'2025-10-15 13:45:00','app',0.00,30.00,0,NULL,'2025-10-15 07:47:41','2025-10-15 07:47:41',NULL,NULL,1),(27,'لوحة مفاتيح','MINI K-1000',1,'2025-10-15 18:16:00','app',0.00,70.00,0,NULL,'2025-10-15 12:17:34','2025-10-15 12:17:34',NULL,NULL,1),(28,'رامات','Laptop RAM 8G PC4',1,'2025-10-16 10:21:00','cash',150.00,0.00,0,NULL,'2025-10-16 04:29:56','2025-10-16 04:29:56',NULL,NULL,1),(29,'ماوس','SZZ',1,'2025-10-16 13:12:00','mixed',100.00,50.00,0,NULL,'2025-10-16 07:12:36','2025-10-16 07:12:36',NULL,NULL,1),(30,'فلاش','64G',1,'2025-10-16 13:12:00','cash',100.00,0.00,0,NULL,'2025-10-16 07:12:59','2025-10-16 07:12:59',NULL,NULL,1),(31,'قاعدة ماوس','كبير',1,'2025-10-16 16:40:00','app',0.00,30.00,0,NULL,'2025-10-16 10:40:52','2025-10-16 10:40:52',NULL,NULL,1),(32,'لابتوب','HP Laptop 15 i5-10th Ram-16 SSD-256 MX-130',1,'2025-10-16 19:11:00','app',0.00,2860.00,0,NULL,'2025-10-16 13:20:33','2025-10-16 13:20:33',NULL,NULL,1),(33,'قاعدة ماوس','وسط',1,'2025-10-16 19:25:00','app',0.00,20.00,0,NULL,'2025-10-16 13:25:49','2025-10-16 13:25:49',NULL,NULL,1),(34,'ماوس','MT-049',1,'2025-10-16 19:25:00','app',0.00,20.00,0,NULL,'2025-10-16 13:26:03','2025-10-16 13:26:03',NULL,NULL,1),(35,'شاحن أصلي','HP 90W كبير',1,'2025-10-16 19:27:00','app',0.00,200.00,0,NULL,'2025-10-16 13:28:06','2025-10-16 13:28:06',NULL,NULL,1),(36,'ماوس','AnyWhere صغير',1,'2025-10-16 19:36:00','app',0.00,60.00,0,NULL,'2025-10-16 13:36:45','2025-10-16 13:36:45',NULL,NULL,1),(37,'عصا العاب','PC + Phone',1,'2025-10-18 10:26:00','app',0.00,150.00,0,NULL,'2025-10-18 10:26:47','2025-10-18 10:26:47',NULL,NULL,1),(38,'راوتر','ADSL مستعمل',1,'2025-10-18 16:28:00','mixed',170.00,30.00,0,NULL,'2025-10-18 10:28:36','2025-10-18 10:28:36',NULL,NULL,1),(39,'لابتوب','HP ProBook 450 G7 Core i5-8th Ram 8G M.2 256G',1,'2025-10-18 15:36:00','app',0.00,2340.00,0,NULL,'2025-10-18 10:36:42','2025-10-19 10:46:10',NULL,NULL,1),(40,'هاردات','HDD 500G',1,'2025-10-18 16:41:00','cash',145.00,0.00,0,NULL,'2025-10-18 10:41:21','2025-10-18 10:41:21',NULL,NULL,1),(41,'ماوس','MT-049',1,'2025-10-18 16:46:00','app',0.00,20.00,0,NULL,'2025-10-19 10:46:59','2025-10-19 10:46:59',NULL,NULL,1),(42,'حقائب','كتف صغيرة',1,'2025-10-18 16:47:00','app',0.00,20.00,0,NULL,'2025-10-19 10:47:25','2025-10-19 10:47:25',NULL,NULL,1),(43,'قاعدة ماوس','صغير',1,'2025-10-18 16:47:00','app',0.00,20.00,0,NULL,'2025-10-19 10:47:45','2025-10-19 10:47:45',NULL,NULL,1),(44,'سماعة','Gigamax HS-28',1,'2025-10-18 16:47:00','app',0.00,150.00,0,NULL,'2025-10-19 10:48:29','2025-10-19 10:48:29',NULL,NULL,1),(45,'لابتوب','HP 250 G7 i3-7th Ram 4G NVME 240G',1,'2025-10-18 16:53:00','cash',1660.00,0.00,0,NULL,'2025-10-19 10:53:56','2025-10-19 10:54:17',NULL,NULL,1),(46,'ماوس','هدايا',1,'2025-10-18 16:54:00','cash',20.00,0.00,0,NULL,'2025-10-19 10:54:32','2025-10-19 10:54:55',NULL,NULL,1),(47,'حقائب','كتف صغيرة',1,'2025-10-18 16:54:00','cash',20.00,0.00,0,NULL,'2025-10-19 10:54:48','2025-10-19 10:54:48',NULL,NULL,1),(48,'شاحن أصلي','HP 45W رفيع',1,'2025-10-18 16:55:00','mixed',80.00,100.00,0,NULL,'2025-10-19 11:28:03','2025-10-19 11:28:34',NULL,NULL,1),(49,'سماعة','Scorpion',1,'2025-10-18 17:28:00','app',0.00,120.00,0,NULL,'2025-10-19 11:28:28','2025-10-19 11:28:28',NULL,NULL,1),(50,'سماعة','Gigamax G2',1,'2025-10-18 17:28:00','app',0.00,150.00,0,NULL,'2025-10-19 11:28:55','2025-10-19 11:28:55',NULL,NULL,1),(51,'ماوس','SZZ',1,'2025-10-18 17:28:00','app',0.00,150.00,0,NULL,'2025-10-19 11:29:21','2025-10-19 11:29:21',NULL,NULL,1),(52,'ذاكرة','Memory 16G',1,'2025-10-18 17:29:00','app',0.00,40.00,0,NULL,'2025-10-19 11:33:28','2025-10-19 11:33:28',NULL,NULL,1),(53,'قاعدة ماوس','كبير',1,'2025-10-18 17:33:00','app',0.00,30.00,0,NULL,'2025-10-19 11:33:44','2025-10-19 11:33:44',NULL,NULL,1),(54,'لوحة مفاتيح','WIFI CW1260',1,'2025-10-18 17:33:00','app',0.00,120.00,0,NULL,'2025-10-19 11:34:05','2025-10-19 11:34:05',NULL,NULL,1),(55,'لوحة مفاتيح','HP - K200',3,'2025-10-19 11:34:00','app',0.00,180.00,0,NULL,'2025-10-19 11:34:56','2025-10-19 11:34:56',NULL,NULL,1),(56,'ماوس','MT-049',3,'2025-10-19 11:35:00','app',0.00,120.00,0,NULL,'2025-10-19 11:35:20','2025-10-19 11:35:20',NULL,NULL,1),(57,'ماوس','تجاري',1,'2025-10-19 11:35:00','cash',20.00,0.00,0,NULL,'2025-10-19 11:35:42','2025-10-19 11:37:01',NULL,NULL,1),(58,'ماوس','تجاري',1,'2025-10-19 17:35:00','app',0.00,20.00,0,NULL,'2025-10-19 11:36:06','2025-10-19 11:36:06',NULL,NULL,1),(59,'مكبرات صوت','سماعة سوداء',1,'2025-10-19 17:36:00','app',0.00,500.00,0,NULL,'2025-10-19 11:36:48','2025-10-19 11:36:48',NULL,NULL,1),(60,'مايكروفون','سماعة كبير',1,'2025-10-19 17:37:00','app',0.00,50.00,0,'نصفه على سعيد ونصف على سيف','2025-10-19 11:37:37','2025-10-19 11:37:37',NULL,NULL,1),(61,'سماعة','Jedal صغير',1,'2025-10-19 15:19:00','app',0.00,80.00,0,NULL,'2025-10-19 12:20:41','2025-10-19 12:20:41',NULL,NULL,1),(62,'ماوس','MT-049',1,'2025-10-19 18:20:00','app',0.00,40.00,0,NULL,'2025-10-19 12:25:24','2025-10-19 12:25:24',NULL,NULL,1),(65,'ماوس','AnyWhere كبير',1,'2025-10-19 18:58:00','app',0.00,80.00,0,NULL,'2025-10-23 09:58:45','2025-10-23 09:58:45',NULL,NULL,1),(66,'شاحن تجاري','تجاري كرتونة',1,'2025-10-20 13:55:00','cash',150.00,0.00,0,NULL,'2025-10-25 08:00:30','2025-10-25 08:00:30',NULL,NULL,1),(67,'باور شاحن','وصلة عادي',1,'2025-10-20 14:00:00','cash',30.00,0.00,0,NULL,'2025-10-25 08:01:14','2025-10-25 08:01:14',NULL,NULL,1),(68,'حقائب','كتف صغيرة',1,'2025-10-20 14:01:00','app',0.00,40.00,0,NULL,'2025-10-25 08:01:50','2025-10-25 08:01:50',NULL,NULL,1),(69,'ماوس','تجاري',1,'2025-10-20 14:01:00','app',0.00,20.00,0,NULL,'2025-10-25 08:02:12','2025-10-25 08:02:12',NULL,NULL,1),(70,'ماوس','AnyWhere صغير',1,'2025-10-20 14:02:00','app',0.00,70.00,0,NULL,'2025-10-25 08:03:08','2025-10-25 08:03:08',NULL,NULL,1),(71,'سماعة','Gigamax HS-28',1,'2025-10-20 14:06:00','app',0.00,150.00,0,NULL,'2025-10-25 08:06:49','2025-10-25 08:06:49',NULL,NULL,1),(72,'سماعة','Gigamax HS-28',1,'2025-10-20 14:07:00','app',0.00,150.00,0,NULL,'2025-10-25 08:07:26','2025-10-25 08:07:33',NULL,NULL,1),(73,'ماوس','تجاري',1,'2025-10-20 14:10:00','app',0.00,20.00,0,NULL,'2025-10-25 08:10:55','2025-10-25 08:10:55',NULL,NULL,1),(74,'لزقة','لزقة لغة عربي',1,'2025-10-21 14:11:00','app',0.00,10.00,0,NULL,'2025-10-25 08:11:30','2025-10-25 08:11:30',NULL,NULL,1),(75,'مروحة','PC FAN',1,'2025-10-21 14:11:00','app',0.00,80.00,0,NULL,'2025-10-25 08:13:16','2025-10-25 08:13:16',NULL,NULL,1),(76,'رامات','Laptop RAM 4G PC4',1,'2025-10-21 14:13:00','app',0.00,70.00,0,NULL,'2025-10-25 08:13:41','2025-10-25 08:13:41',NULL,NULL,1),(77,'ماوس','تجاري',1,'2025-10-21 14:14:00','app',0.00,20.00,0,NULL,'2025-10-25 08:14:43','2025-10-25 08:15:10',NULL,NULL,1),(78,'شاحن تجاري','تجاري كرتونة',1,'2025-10-21 14:15:00','app',0.00,200.00,0,NULL,'2025-10-25 08:15:32','2025-10-25 08:15:32',NULL,NULL,1),(79,'لوحة مفاتيح','XO K-10',1,'2025-10-22 14:15:00','app',0.00,90.00,0,NULL,'2025-10-25 08:16:57','2025-10-25 08:16:57',NULL,NULL,1),(80,'بطارية لابتوب','HP 250 G5-7',1,'2025-10-22 14:20:00','app',0.00,250.00,0,NULL,'2025-10-25 08:20:55','2025-10-25 08:20:55',NULL,NULL,1),(81,'رامات','Laptop RAM 2G PC3L',1,'2025-10-22 15:28:00','app',0.00,100.00,0,NULL,'2025-10-25 09:29:08','2025-10-25 09:29:08',NULL,NULL,1),(82,'حاوية','HDD',1,'2025-10-22 15:29:00','app',0.00,100.00,0,NULL,'2025-10-25 09:32:52','2025-10-25 09:32:52',NULL,NULL,1),(83,'هاردات','HDD 1T',1,'2025-10-22 15:32:00','app',0.00,500.00,0,NULL,'2025-10-25 09:33:21','2025-10-25 09:43:15',NULL,NULL,1),(84,'فلاش','64G',1,'2025-10-22 15:41:00','app',0.00,110.00,0,NULL,'2025-10-25 09:43:01','2025-10-25 09:43:01',NULL,NULL,1),(85,'ماوس','MT-049',1,'2025-10-22 15:43:00','app',0.00,40.00,0,NULL,'2025-10-25 09:44:37','2025-10-25 09:44:37',NULL,NULL,1),(86,'حاوية','HDD',1,'2025-10-22 15:44:00','cash',100.00,0.00,0,NULL,'2025-10-25 09:45:00','2025-10-25 09:45:00',NULL,NULL,1),(87,'هاردات','HDD 1T',1,'2025-10-22 15:45:00','cash',300.00,0.00,0,NULL,'2025-10-25 09:45:16','2025-10-25 09:45:16',NULL,NULL,1),(88,'سماعة','Gigamax HS-28',1,'2025-10-22 15:46:00','app',0.00,140.00,0,NULL,'2025-10-25 09:47:17','2025-10-25 09:47:17',NULL,NULL,1),(89,'ماوس','تجاري',1,'2025-10-23 15:47:00','app',0.00,20.00,0,NULL,'2025-10-25 09:48:11','2025-10-25 09:48:11',NULL,NULL,1),(90,'سماعة','Jedal صغير',1,'2025-10-23 15:48:00','app',0.00,80.00,0,NULL,'2025-10-25 09:49:44','2025-10-25 09:49:44',NULL,NULL,1),(91,'قاعدة ماوس','صغير',1,'2025-10-23 17:42:00','app',0.00,10.00,0,NULL,'2025-10-25 11:42:39','2025-10-25 11:42:39',NULL,NULL,1),(92,'سماعة','Gigamax HS-28',2,'2025-10-23 17:43:00','app',0.00,300.00,0,NULL,'2025-10-25 11:44:06','2025-10-25 11:44:06',NULL,NULL,1),(93,'حاوية','Sata',1,'2025-10-23 17:44:00','cash',100.00,0.00,0,NULL,'2025-10-25 11:44:28','2025-10-25 11:44:28',NULL,NULL,1),(94,'ماوس','AnyWhere كبير',1,'2025-10-25 17:44:00','app',0.00,80.00,0,NULL,'2025-10-25 11:47:13','2025-10-25 11:47:13',NULL,NULL,1),(95,'لوحة مفاتيح','MINI K-1000',1,'2025-10-25 17:47:00','app',0.00,60.00,0,NULL,'2025-10-25 11:47:43','2025-10-25 11:47:43',NULL,NULL,1),(96,'ماكينة','حلاقة',1,'2025-10-25 17:56:00','app',0.00,180.00,0,NULL,'2025-10-25 11:57:12','2025-10-25 11:57:12',NULL,NULL,1),(97,'لوحة مفاتيح','Scorpion CM370',1,'2025-10-25 17:57:00','app',0.00,240.00,0,NULL,'2025-10-25 11:59:19','2025-10-25 11:59:19',NULL,NULL,1),(98,'مايكروفون','عادي',1,'2025-10-28 10:53:00','app',0.00,30.00,0,NULL,'2025-10-29 06:54:47','2025-10-29 06:54:47',NULL,NULL,1),(99,'ماوس','Jeqang',1,'2025-10-28 10:59:00','app',0.00,85.00,0,NULL,'2025-10-29 06:59:27','2025-10-29 06:59:37',NULL,NULL,1),(100,'قاعدة ماوس','وسط',1,'2025-10-28 10:59:00','app',0.00,20.00,0,NULL,'2025-10-29 06:59:54','2025-10-29 06:59:54',NULL,NULL,1),(101,'ماوس','تجاري',1,'2025-10-28 10:59:00','app',0.00,15.00,0,NULL,'2025-10-29 07:00:14','2025-10-29 07:00:14',NULL,NULL,1),(102,'كابل','انترنت 1 متر',1,'2025-10-29 13:58:00','app',0.00,30.00,0,NULL,'2025-10-29 10:02:48','2025-10-29 10:02:48',NULL,NULL,1),(103,'ماوس','AnyWhere صغير',1,'2025-10-29 14:02:00','app',0.00,60.00,0,NULL,'2025-10-29 10:03:14','2025-10-29 10:03:14',NULL,NULL,1),(104,'لزقة','لزقة لغة عربي',1,'2025-10-29 14:03:00','app',0.00,10.00,0,NULL,'2025-10-29 10:03:28','2025-10-29 10:03:28',NULL,NULL,1),(105,'فلاش','64G',1,'2025-10-29 14:58:00','cash',110.00,0.00,0,NULL,'2025-10-29 10:58:57','2025-10-29 10:58:57',NULL,NULL,1),(106,'ذاكرة','Memory 16G',1,'2025-10-29 17:40:00','cash',40.00,0.00,0,'باقي للزبون 10 شيكل','2025-10-29 13:42:08','2025-10-29 13:42:08',NULL,NULL,1),(107,'ماوس','MT-049',1,'2025-10-29 17:44:00','app',0.00,40.00,0,NULL,'2025-10-29 13:44:48','2025-10-29 13:44:48',NULL,NULL,1),(108,'لابتوب','Casper Excalibur G860 i7-7th Ram-16 NVME-120+1T HDD GTX-1060-6G',1,'2025-10-29 17:50:00','cash',3450.00,0.00,1,'تم الإرجاع في 2025-10-30 13:16:28','2025-10-29 13:50:22','2025-10-30 11:16:28',NULL,NULL,1),(109,'لزقة','لزقة لغة عربي',1,'2025-10-29 17:52:00','cash',10.00,0.00,0,NULL,'2025-10-29 13:52:54','2025-10-29 13:52:54',NULL,NULL,1),(110,'ماوس','MT-049',1,'2025-10-29 17:52:00','cash',40.00,0.00,1,'تم الإرجاع في 2025-10-30 13:16:43','2025-10-29 13:53:24','2025-10-30 11:16:43',NULL,NULL,1),(111,'لابتوب','Acer Aspire 3 Core i3-10th Ram 8G SSD 240G',1,'2025-10-29 18:03:00','app',0.00,2200.00,0,NULL,'2025-10-29 14:05:17','2025-10-29 14:05:17',NULL,NULL,1),(112,'ماوس','هدايا',1,'2025-10-29 18:05:00','app',0.00,20.00,0,NULL,'2025-10-29 14:05:30','2025-10-29 14:05:30',NULL,NULL,1),(113,'شاحن تجاري','تجاري كرتونة',1,'2025-10-29 18:05:00','app',0.00,150.00,0,NULL,'2025-10-29 14:05:43','2025-10-29 14:05:43',NULL,NULL,1),(114,'باور شاحن','وصلة عادي',1,'2025-10-29 18:05:00','app',0.00,30.00,0,NULL,'2025-10-29 14:05:54','2025-10-29 14:05:54',NULL,NULL,1),(115,'شاحن أصلي','Lenovo بدون كابل',1,'2025-10-30 11:25:00','cash',190.00,0.00,0,NULL,'2025-10-30 07:25:23','2025-10-30 07:25:23',NULL,NULL,1),(116,'رامات','Laptop RAM 4G PC3L',1,'2025-10-30 12:34:00','app',0.00,100.00,0,NULL,'2025-10-30 08:35:12','2025-10-30 08:35:12',NULL,NULL,1),(117,'ماوس','مستعمل',1,'2025-10-30 15:13:00','cash',15.00,0.00,0,NULL,'2025-10-30 11:13:53','2025-10-30 11:13:53',NULL,NULL,1),(118,'لزقة','لزقة لغة عربي',1,'2025-10-30 15:28:00','cash',7.00,0.00,0,NULL,'2025-10-30 11:29:02','2025-10-30 11:29:02',NULL,NULL,1),(119,'حاوية','HDD',1,'2025-10-30 15:29:00','app',0.00,115.00,0,NULL,'2025-10-30 11:29:39','2025-10-30 11:29:39',NULL,NULL,1),(120,'اسطوانة','اسطوانة',1,'2025-10-30 15:30:00','app',0.00,10.00,0,NULL,'2025-10-30 11:30:37','2025-10-30 11:30:37',NULL,NULL,1),(121,'فلاش','64G',1,'2025-10-30 17:22:00','app',0.00,110.00,0,NULL,'2025-10-30 13:22:44','2025-10-30 13:22:44',NULL,NULL,1),(122,'حاوية','Cady',1,'2025-10-30 17:45:00','app',0.00,60.00,0,NULL,'2025-10-30 13:58:23','2025-10-30 13:58:23',NULL,NULL,1),(123,'هاردات','SSD 240G Hik-Vision',1,'2025-10-30 17:58:00','app',0.00,300.00,0,NULL,'2025-10-30 13:59:02','2025-10-30 13:59:02',NULL,NULL,1),(124,'لزقة','لزقة لغة عربي',1,'2025-10-30 18:06:00','cash',10.00,0.00,0,NULL,'2025-10-30 14:06:58','2025-10-30 14:06:58',NULL,NULL,1),(125,'سماعة','Jedal كبير',1,'2025-10-30 18:20:00','app',0.00,40.00,0,NULL,'2025-10-30 14:20:30','2025-10-30 14:20:30',NULL,NULL,1),(126,'لابتوب','Casper Excalibur G860 i7-7th Ram-16 NVME-120+1T HDD GTX-1060-6G',1,'2025-10-30 18:24:00','app',0.00,3560.00,0,NULL,'2025-10-30 14:24:49','2025-10-30 14:24:49',NULL,NULL,1),(127,'ماوس','MT-049',1,'2025-10-30 18:24:00','app',0.00,40.00,0,NULL,'2025-10-30 14:24:59','2025-10-30 14:24:59',NULL,NULL,1),(128,'هاردات','HDD 160G',1,'2025-11-01 12:48:00','cash',70.00,0.00,0,NULL,'2025-11-01 08:48:51','2025-11-01 08:48:51',NULL,NULL,1),(129,'اسطوانة','اسطوانة',1,'2025-11-01 17:28:00','cash',10.00,0.00,0,NULL,'2025-11-01 13:28:34','2025-11-01 13:28:34',NULL,NULL,1),(130,'شاحن أصلي','HP 90W كبير',1,'2025-11-01 17:28:00','app',0.00,250.00,0,NULL,'2025-11-01 13:28:51','2025-11-01 13:28:51',NULL,NULL,1),(131,'باور شاحن','وصلة امريكي',1,'2025-11-01 17:28:00','app',0.00,20.00,0,NULL,'2025-11-01 13:29:04','2025-11-01 13:29:04',NULL,NULL,1),(132,'هاردات','SSD M.2 256G',1,'2025-11-01 17:29:00','cash',300.00,0.00,0,NULL,'2025-11-01 13:29:22','2025-11-01 13:29:22',NULL,NULL,1),(133,'لابتوب','Acer Aspire E15 Core i7-7th Ram 8G NVME 240G',1,'2025-11-01 13:15:00','app',0.00,2890.00,0,NULL,'2025-11-02 05:16:43','2025-11-02 05:16:43',NULL,NULL,1),(134,'لوحة مفاتيح','XO K-10',1,'2025-11-01 13:16:00','app',0.00,90.00,0,NULL,'2025-11-02 05:17:03','2025-11-02 05:17:03',NULL,NULL,1),(135,'حقائب','كتف صغيرة',1,'2025-11-01 13:16:00','app',0.00,20.00,0,NULL,'2025-11-02 05:18:32','2025-11-02 05:18:32',NULL,NULL,1),(136,'لابتوب','HP - 15 Core i5-11 Ram8 M2 240G',1,'2025-11-01 15:20:00','app',0.00,3180.00,0,NULL,'2025-11-02 05:21:08','2025-11-02 05:21:08',NULL,NULL,1),(137,'ماوس','تجاري',1,'2025-11-01 15:21:00','app',0.00,20.00,0,NULL,'2025-11-02 05:21:27','2025-11-02 05:21:27',NULL,NULL,1),(138,'حقائب','ظهر',1,'2025-11-01 15:21:00','app',0.00,70.00,0,NULL,'2025-11-02 05:22:19','2025-11-02 05:22:19',NULL,NULL,1),(139,'سماعة','Gigamax HS-28',1,'2025-11-01 16:22:00','app',0.00,145.00,1,'تم الإرجاع في 2025-11-02 16:23:19','2025-11-02 05:22:43','2025-11-02 14:23:19',NULL,NULL,1),(140,'لابتوب','HP 15R  i3-4th Ram 8G HDD 512G',1,'2025-11-01 17:24:00','app',0.00,1080.00,0,NULL,'2025-11-02 05:25:04','2025-11-02 05:25:04',NULL,NULL,1),(141,'ماوس','هدايا',1,'2025-11-01 17:25:00','app',0.00,20.00,0,NULL,'2025-11-02 05:25:22','2025-11-02 05:25:22',NULL,NULL,1),(142,'ارجيات','ارجيات مغلق',20,'2025-11-02 12:34:00','cash',50.00,0.00,0,NULL,'2025-11-02 08:34:41','2025-11-02 08:34:41',NULL,NULL,1),(143,'لابتوب','DELL A00 i3-4th Ram 8G',1,'2025-11-02 12:34:00','cash',1400.00,0.00,1,'تم الإرجاع في 2025-11-04 15:18:10','2025-11-02 08:35:08','2025-11-04 13:18:10',NULL,NULL,1),(144,'لوحة مفاتيح','XO K-10',1,'2025-11-02 12:35:00','cash',80.00,0.00,1,'تم الإرجاع في 2025-11-11 08:17:58','2025-11-02 08:35:20','2025-11-11 06:17:58',NULL,NULL,1),(145,'سماعة','Gigamax HS-28',1,'2025-11-02 12:35:00','app',0.00,150.00,0,NULL,'2025-11-02 08:35:35','2025-11-02 08:35:35',NULL,NULL,1),(146,'ماوس','تجاري',1,'2025-11-02 12:52:00','cash',20.00,0.00,0,'باقي عليه 10 شيكل دين','2025-11-02 08:52:52','2025-11-02 08:52:52',NULL,NULL,1),(147,'حقائب','ظهر',1,'2025-11-02 12:52:00','cash',90.00,0.00,0,NULL,'2025-11-02 08:53:09','2025-11-02 08:53:09',NULL,NULL,1),(148,'حقائب','ظهر',1,'2025-11-02 12:57:00','app',0.00,80.00,0,NULL,'2025-11-02 08:57:49','2025-11-02 08:57:49',NULL,NULL,1),(149,'ماوس','تجاري',1,'2025-11-02 18:00:00','cash',20.00,0.00,0,NULL,'2025-11-02 14:00:37','2025-11-02 14:00:37',NULL,NULL,1),(150,'ماوس','SZZ',1,'2025-11-02 18:00:00','cash',150.00,0.00,0,NULL,'2025-11-02 14:01:02','2025-11-02 14:01:02',NULL,NULL,1),(151,'سماعة','Gigamax G2',1,'2025-11-01 18:23:00','app',0.00,145.00,0,NULL,'2025-11-02 14:23:35','2025-11-02 14:23:46',NULL,NULL,1),(152,'باور شاحن','وصلة عادي',1,'2025-11-03 17:09:00','cash',30.00,0.00,0,NULL,'2025-11-03 13:09:35','2025-11-03 13:09:35',NULL,NULL,1),(153,'وصلات شاحن','جوال عادي',1,'2025-11-03 17:09:00','cash',25.00,0.00,0,NULL,'2025-11-03 13:10:19','2025-11-03 13:10:19',NULL,NULL,1),(154,'راوتر','LB راوتر',1,'2025-11-03 17:10:00','app',0.00,300.00,0,NULL,'2025-11-03 13:10:49','2025-11-03 13:10:49',NULL,NULL,1),(155,'مروحة','PC FAN',1,'2025-11-03 17:10:00','app',0.00,80.00,0,NULL,'2025-11-03 13:11:07','2025-11-03 13:11:07',NULL,NULL,1),(156,'مروحة','Laptop Fan',1,'2025-11-03 17:11:00','cash',90.00,0.00,0,NULL,'2025-11-03 13:11:28','2025-11-03 13:11:28',NULL,NULL,1),(157,'مايكروفون','Professional',1,'2025-11-03 17:11:00','cash',340.00,0.00,0,NULL,'2025-11-03 13:11:43','2025-11-03 13:11:43',NULL,NULL,1),(158,'فلاش','32G',1,'2025-11-03 17:11:00','cash',70.00,0.00,0,NULL,'2025-11-03 13:12:46','2025-11-03 13:12:46',NULL,NULL,1),(159,'فلاش','64G',1,'2025-11-03 17:13:00','cash',100.00,0.00,0,NULL,'2025-11-03 13:13:15','2025-11-03 13:13:15',NULL,NULL,1),(160,'لابتوب','HP 15 i7-8th Ram 8G SSD 240G',1,'2025-11-03 17:13:00','app',0.00,2580.00,0,NULL,'2025-11-03 13:14:03','2025-11-03 13:14:03',NULL,NULL,1),(161,'ماوس','هدايا',1,'2025-11-03 17:14:00','app',0.00,20.00,0,NULL,'2025-11-03 13:14:21','2025-11-03 13:14:21',NULL,NULL,1),(162,'شاحن أصلي','HP 65W رفيع',1,'2025-11-03 17:14:00','app',0.00,200.00,0,NULL,'2025-11-03 13:14:31','2025-11-03 13:14:31',NULL,NULL,1),(163,'حقائب','كتف صغيرة',1,'2025-11-03 17:14:00','app',0.00,30.00,0,NULL,'2025-11-03 13:14:55','2025-11-03 13:14:55',NULL,NULL,1),(164,'حقائب','ظهر',1,'2025-11-03 17:15:00','mixed',30.00,30.00,0,'تم سرقتها','2025-11-03 13:15:46','2025-11-03 13:15:46',NULL,NULL,1),(165,'ماوس','Jeqang',1,'2025-11-04 17:16:00','app',0.00,90.00,0,NULL,'2025-11-04 13:16:25','2025-11-05 13:09:12',NULL,NULL,1),(166,'سماعة','Gigamax HS-28',1,'2025-11-04 17:17:00','cash',150.00,0.00,0,NULL,'2025-11-04 13:17:36','2025-11-04 13:17:36',NULL,NULL,1),(167,'حاوية','HDD',1,'2025-11-04 17:19:00','app',0.00,120.00,0,NULL,'2025-11-04 13:19:27','2025-11-04 13:19:27',NULL,NULL,1),(168,'بطارية لابتوب','HP 250 G5-7',1,'2025-11-04 17:19:00','app',0.00,250.00,0,NULL,'2025-11-04 13:19:45','2025-11-04 13:19:45',NULL,NULL,1),(169,'ماوس','SZZ',1,'2025-11-04 17:19:00','app',0.00,140.00,0,NULL,'2025-11-04 13:20:04','2025-11-04 13:20:04',NULL,NULL,1),(170,'اسطوانة','اسطوانة',1,'2025-11-05 10:28:00','app',0.00,10.00,0,NULL,'2025-11-05 06:28:48','2025-11-05 06:28:48',NULL,NULL,1),(171,'لابتوب','HP 15 i7-8th Ram 8G SSD 240G',1,'2025-11-04 17:31:00','app',0.00,2330.00,0,NULL,'2025-11-05 06:38:37','2025-11-05 06:38:37',NULL,NULL,1),(172,'لوحة مفاتيح','Scorpion CM370',1,'2025-11-04 17:38:00','app',0.00,250.00,0,NULL,'2025-11-05 06:39:34','2025-11-05 06:39:34',NULL,NULL,1),(173,'حقائب','ظهر',1,'2025-11-04 17:39:00','mixed',50.00,20.00,0,NULL,'2025-11-05 06:40:04','2025-11-05 06:40:04',NULL,NULL,1),(174,'لوحة مفاتيح','XO K-10',1,'2025-11-04 17:44:00','app',0.00,85.00,0,NULL,'2025-11-05 06:44:24','2025-11-05 06:44:24',NULL,NULL,1),(175,'لوحة مفاتيح','XO تجاري',1,'2025-11-05 10:47:00','cash',50.00,0.00,0,NULL,'2025-11-05 06:47:42','2025-11-05 06:47:42',NULL,NULL,1),(176,'ارجيات','ارجيات مغلق',2,'2025-11-06 13:11:00','cash',5.00,0.00,0,NULL,'2025-11-06 09:11:38','2025-11-06 09:11:38',NULL,NULL,1),(177,'هاردات','HDD 500G',1,'2025-11-06 13:11:00','app',0.00,200.00,0,NULL,'2025-11-06 09:12:05','2025-11-06 09:12:05',NULL,NULL,1),(178,'حاوية','HDD',1,'2025-11-06 13:12:00','app',0.00,100.00,0,NULL,'2025-11-06 09:12:16','2025-11-06 09:12:16',NULL,NULL,1),(179,'حقائب','ظهر',1,'2025-11-06 13:12:00','app',0.00,90.00,0,NULL,'2025-11-06 09:12:38','2025-11-06 09:12:38',NULL,NULL,1),(180,'لزقة','لزقة لغة عربي',1,'2025-11-06 10:00:00','app',0.00,10.00,0,NULL,'2025-11-08 06:00:28','2025-11-08 06:00:28',NULL,NULL,1),(181,'هاردات','SSD 240G Hik-Vision',1,'2025-11-06 10:00:00','app',0.00,300.00,0,NULL,'2025-11-08 06:01:01','2025-11-08 06:01:01',NULL,NULL,1),(182,'وصلات','TYPE C 3in1',1,'2025-11-06 10:03:00','cash',110.00,0.00,0,NULL,'2025-11-08 06:03:30','2025-11-08 06:03:30',NULL,NULL,1),(183,'لزقة','لزقة لوحة مفاتيح',1,'2025-11-08 11:36:00','cash',10.00,0.00,0,NULL,'2025-11-08 07:37:03','2025-11-08 07:37:03',NULL,NULL,1),(184,'ماوس','Jeqang',1,'2025-11-08 11:57:00','app',0.00,85.00,0,NULL,'2025-11-08 07:57:37','2025-11-08 07:57:37',NULL,NULL,1),(185,'قاعدة ماوس','وسط',1,'2025-11-08 09:16:00','app',0.00,15.00,0,NULL,'2025-11-11 05:17:43','2025-11-11 05:17:52',NULL,NULL,1),(186,'بطارية لابتوب','HP ProBook 450 G7',1,'2025-11-08 09:25:00','mixed',300.00,300.00,0,NULL,'2025-11-11 05:26:11','2025-11-11 05:26:11',NULL,NULL,1),(187,'ارجيات','ارجيات مغلق',1,'2025-11-08 09:26:00','cash',3.00,0.00,0,NULL,'2025-11-11 05:26:33','2025-11-11 05:26:33',NULL,NULL,1),(188,'ماوس','AnyWhere كبير',1,'2025-11-08 09:26:00','app',0.00,80.00,0,NULL,'2025-11-11 05:26:57','2025-11-11 05:26:57',NULL,NULL,1),(189,'قاعدة ماوس','وسط',1,'2025-11-08 09:27:00','app',0.00,20.00,0,NULL,'2025-11-11 05:27:21','2025-11-11 05:27:21',NULL,NULL,1),(190,'سماعة','Gigamax HS-28',1,'2025-11-08 09:27:00','app',0.00,140.00,0,NULL,'2025-11-11 05:27:46','2025-11-11 05:27:46',NULL,NULL,1),(191,'سماعة','Jedal صغير',1,'2025-11-08 09:27:00','app',0.00,80.00,0,NULL,'2025-11-11 05:28:01','2025-11-11 05:28:01',NULL,NULL,1),(192,'هاردات','SSD WD 240G',1,'2025-11-08 09:28:00','app',0.00,300.00,0,NULL,'2025-11-11 05:28:25','2025-11-11 05:28:25',NULL,NULL,1),(193,'قاعدة ماوس','وسط',1,'2025-11-08 09:28:00','app',0.00,15.00,0,NULL,'2025-11-11 05:28:44','2025-11-11 05:28:44',NULL,NULL,1),(194,'شاحن أصلي','Lenovo رفيع',1,'2025-11-08 09:28:00','app',0.00,200.00,0,NULL,'2025-11-11 05:29:06','2025-11-11 05:29:06',NULL,NULL,1),(195,'سماعة','Gigamax G2',1,'2025-11-08 09:29:00','app',0.00,150.00,0,NULL,'2025-11-11 05:29:24','2025-11-11 05:29:24',NULL,NULL,1),(196,'سماعة','Gigamax HS-28',1,'2025-11-09 09:29:00','cash',150.00,0.00,0,NULL,'2025-11-11 05:30:22','2025-11-11 05:30:22',NULL,NULL,1),(197,'لوحة مفاتيح','XO تجاري',1,'2025-11-09 09:30:00','app',0.00,40.00,0,NULL,'2025-11-11 05:31:07','2025-11-11 05:31:07',NULL,NULL,1),(198,'لزقة','لزقة لغة عربي',1,'2025-11-09 09:33:00','app',0.00,10.00,0,NULL,'2025-11-11 05:33:30','2025-11-11 05:33:30',NULL,NULL,1),(199,'لوحة مفاتيح','XO تجاري',1,'2025-11-09 09:40:00','app',0.00,40.00,0,NULL,'2025-11-11 05:41:38','2025-11-11 05:41:38',NULL,NULL,1),(200,'لزقة','لزقة لغة عربي',1,'2025-11-09 09:41:00','app',0.00,10.00,0,NULL,'2025-11-11 05:42:04','2025-11-11 05:42:04',NULL,NULL,1),(201,'ماوس','AnyWhere صغير',1,'2025-11-09 09:42:00','app',0.00,60.00,0,NULL,'2025-11-11 05:42:53','2025-11-11 05:42:53',NULL,NULL,1),(202,'هاردات','SSD M.2 256G',1,'2025-11-09 09:45:00','cash',320.00,0.00,0,NULL,'2025-11-11 05:45:32','2025-11-11 05:45:32',NULL,NULL,1),(203,'لوحة مفاتيح','XO K-10',1,'2025-11-09 10:18:00','app',0.00,60.00,0,'فقط لوحة مفاتيح بدون ماوس','2025-11-11 06:18:24','2025-11-11 06:18:24',NULL,NULL,1),(204,'قاعدة ماوس','وسط',1,'2025-11-10 10:18:00','cash',20.00,0.00,0,NULL,'2025-11-11 06:18:50','2025-11-11 06:18:50',NULL,NULL,1),(205,'راوتر','LB راوتر',1,'2025-11-10 10:19:00','app',0.00,300.00,0,NULL,'2025-11-11 06:19:54','2025-11-11 06:19:54',NULL,NULL,1),(206,'لزقة','لزقة لوحة مفاتيح',1,'2025-11-10 10:19:00','app',0.00,10.00,0,NULL,'2025-11-11 06:20:08','2025-11-11 06:20:08',NULL,NULL,1),(207,'ماوس','1620',1,'2025-11-10 10:20:00','app',0.00,40.00,0,NULL,'2025-11-11 06:20:25','2025-11-11 06:20:25',NULL,NULL,1),(208,'وصلات','USB 1.5M',1,'2025-11-10 10:20:00','app',0.00,30.00,0,NULL,'2025-11-11 06:20:38','2025-11-11 06:20:38',NULL,NULL,1),(209,'وصلات','وصلة باور راوتر',1,'2025-11-11 09:29:00','cash',8.00,0.00,1,'تم الإرجاع في 2025-11-15 06:33:01','2025-11-12 05:29:40','2025-11-15 04:33:01',NULL,NULL,1),(210,'راوتر','LB راوتر',1,'2025-11-11 09:30:00','cash',300.00,0.00,0,NULL,'2025-11-12 05:30:15','2025-11-12 05:30:15',NULL,NULL,1),(211,'حقائب','كتف صغيرة',1,'2025-11-11 09:30:00','cash',40.00,0.00,0,NULL,'2025-11-12 05:30:40','2025-11-12 05:31:15',NULL,NULL,1),(212,'وصلات','وصلة طابعة',1,'2025-11-11 09:30:00','app',0.00,30.00,0,NULL,'2025-11-12 05:30:56','2025-11-12 05:30:56',NULL,NULL,1),(213,'سماعة','Gigamax HS-28',1,'2025-11-11 09:30:00','app',0.00,150.00,0,NULL,'2025-11-12 05:31:07','2025-11-12 05:31:21',NULL,NULL,1),(214,'لزقة','لزقة لغة عربي',1,'2025-11-12 08:18:00','cash',10.00,0.00,0,NULL,'2025-11-15 04:18:58','2025-11-15 04:18:58',NULL,NULL,1),(215,'كابل','انترنت 1 متر',2,'2025-11-12 08:19:00','app',0.00,60.00,0,NULL,'2025-11-15 04:19:28','2025-11-15 04:19:28',NULL,NULL,1),(216,'هاردات','SSD WD 240G',1,'2025-11-12 08:19:00','app',0.00,300.00,0,NULL,'2025-11-15 04:21:02','2025-11-15 04:21:02',NULL,NULL,1),(217,'هاردات','SSD WD 240G',1,'2025-11-12 08:21:00','app',0.00,300.00,0,NULL,'2025-11-15 04:21:27','2025-11-15 04:21:27',NULL,NULL,1),(218,'ماوس','1620',1,'2025-11-12 08:21:00','app',0.00,25.00,0,NULL,'2025-11-15 04:21:49','2025-11-15 04:21:49',NULL,NULL,1),(219,'ماوس','MT-049',1,'2025-11-12 08:21:00','app',0.00,25.00,0,NULL,'2025-11-15 04:22:03','2025-11-15 04:22:03',NULL,NULL,1),(220,'رامات','Laptop RAM 8G PC4',1,'2025-11-13 08:22:00','cash',170.00,0.00,0,NULL,'2025-11-15 04:22:31','2025-11-15 04:22:31',NULL,NULL,1),(221,'ماوس','1620',1,'2025-11-13 08:24:00','app',0.00,40.00,0,NULL,'2025-11-15 04:26:54','2025-11-15 04:26:54',NULL,NULL,1),(222,'لوحة مفاتيح','WIFI CW1260',1,'2025-11-13 08:27:00','app',0.00,120.00,0,NULL,'2025-11-15 04:27:48','2025-11-15 04:27:48',NULL,NULL,1),(223,'مايكروفون','MC20',1,'2025-11-13 08:28:00','app',0.00,250.00,0,NULL,'2025-11-15 04:29:21','2025-11-15 04:29:27',NULL,NULL,1),(224,'ماوس','تجاري',1,'2025-11-16 11:11:00','app',0.00,20.00,0,NULL,'2025-11-16 07:15:37','2025-11-16 07:15:37',NULL,NULL,1);
/*!40000 ALTER TABLE `sales` ENABLE KEYS */;
UNLOCK TABLES;

--
-- Table structure for table `sessions`
--

DROP TABLE IF EXISTS `sessions`;
/*!40101 SET @saved_cs_client     = @@character_set_client */;
/*!40101 SET character_set_client = utf8 */;
CREATE TABLE `sessions` (
  `id` varchar(191) COLLATE utf8mb4_unicode_ci NOT NULL,
  `user_id` bigint(20) unsigned DEFAULT NULL,
  `ip_address` varchar(45) COLLATE utf8mb4_unicode_ci DEFAULT NULL,
  `user_agent` text COLLATE utf8mb4_unicode_ci,
  `payload` longtext COLLATE utf8mb4_unicode_ci NOT NULL,
  `last_activity` int(11) NOT NULL,
  PRIMARY KEY (`id`),
  KEY `sessions_user_id_index` (`user_id`),
  KEY `sessions_last_activity_index` (`last_activity`)
) ENGINE=MyISAM DEFAULT CHARSET=utf8mb4 COLLATE=utf8mb4_unicode_ci;
/*!40101 SET character_set_client = @saved_cs_client */;

--
-- Dumping data for table `sessions`
--

LOCK TABLES `sessions` WRITE;
/*!40000 ALTER TABLE `sessions` DISABLE KEYS */;
INSERT INTO `sessions` VALUES ('Hh7lQiWxG5MQWZvIxWvHJsl3TPW2hM4Xabm9obol',3,'127.0.0.1','Mozilla/5.0 (Windows NT 10.0; Win64; x64) AppleWebKit/537.36 (KHTML, like Gecko) Chrome/142.0.0.0 Safari/537.36','YTo1OntzOjY6Il90b2tlbiI7czo0MDoidUExM0J3WkJnc2owcWJQYmFlOGx5M09qNzBhN200TUQyNVR0SThnMiI7czo5OiJfcHJldmlvdXMiO2E6MTp7czozOiJ1cmwiO3M6Mjk6Imh0dHA6Ly8xMjcuMC4wLjE6ODAwMC9yZXBhaXJzIjt9czo2OiJfZmxhc2giO2E6Mjp7czozOiJvbGQiO2E6MDp7fXM6MzoibmV3IjthOjA6e319czozOiJ1cmwiO2E6MDp7fXM6NTA6ImxvZ2luX3dlYl81OWJhMzZhZGRjMmIyZjk0MDE1ODBmMDE0YzdmNThlYTRlMzA5ODlkIjtpOjM7fQ==',1763823974),('kOemIcEUODHQYT5ws1axdLa0ZlVnmNBJvY06OuV8',3,'127.0.0.1','Mozilla/5.0 (Windows NT 10.0; Win64; x64) AppleWebKit/537.36 (KHTML, like Gecko) Chrome/142.0.0.0 Safari/537.36','YTo1OntzOjY6Il90b2tlbiI7czo0MDoiZlBsZWcxTWVuVTJxTnJHOVpkMnBud3JSOGtQNmZJZ2VzTFI3MnBDYyI7czozOiJ1cmwiO2E6MDp7fXM6OToiX3ByZXZpb3VzIjthOjE6e3M6MzoidXJsIjtzOjM1OiJodHRwOi8vMTI3LjAuMC4xOjgwMDAvYmFja3VwL2NyZWF0ZSI7fXM6NjoiX2ZsYXNoIjthOjI6e3M6Mzoib2xkIjthOjA6e31zOjM6Im5ldyI7YTowOnt9fXM6NTA6ImxvZ2luX3dlYl81OWJhMzZhZGRjMmIyZjk0MDE1ODBmMDE0YzdmNThlYTRlMzA5ODlkIjtpOjM7fQ==',1763883404);
/*!40000 ALTER TABLE `sessions` ENABLE KEYS */;
UNLOCK TABLES;

--
-- Table structure for table `stores`
--

DROP TABLE IF EXISTS `stores`;
/*!40101 SET @saved_cs_client     = @@character_set_client */;
/*!40101 SET character_set_client = utf8 */;
CREATE TABLE `stores` (
  `id` bigint(20) unsigned NOT NULL AUTO_INCREMENT,
  `product_name` varchar(191) COLLATE utf8mb4_unicode_ci NOT NULL,
  `product_type` varchar(191) COLLATE utf8mb4_unicode_ci NOT NULL,
  `quantity` int(11) NOT NULL,
  `supplier_name` varchar(191) COLLATE utf8mb4_unicode_ci NOT NULL,
  `wholesale_price` decimal(10,2) NOT NULL,
  `payment_method` enum('نقدي','بنكي','مختلط') COLLATE utf8mb4_unicode_ci NOT NULL,
  `cash_amount` decimal(10,2) NOT NULL,
  `bank_amount` decimal(10,2) NOT NULL,
  `date_added` date NOT NULL,
  `created_at` timestamp NULL DEFAULT NULL,
  `updated_at` timestamp NULL DEFAULT NULL,
  `branch_id` bigint(20) unsigned DEFAULT NULL,
  PRIMARY KEY (`id`),
  KEY `stores_branch_id_foreign` (`branch_id`)
) ENGINE=MyISAM DEFAULT CHARSET=utf8mb4 COLLATE=utf8mb4_unicode_ci;
/*!40101 SET character_set_client = @saved_cs_client */;

--
-- Dumping data for table `stores`
--

LOCK TABLES `stores` WRITE;
/*!40000 ALTER TABLE `stores` DISABLE KEYS */;
/*!40000 ALTER TABLE `stores` ENABLE KEYS */;
UNLOCK TABLES;

--
-- Table structure for table `users`
--

DROP TABLE IF EXISTS `users`;
/*!40101 SET @saved_cs_client     = @@character_set_client */;
/*!40101 SET character_set_client = utf8 */;
CREATE TABLE `users` (
  `id` bigint(20) unsigned NOT NULL AUTO_INCREMENT,
  `name` varchar(191) COLLATE utf8mb4_unicode_ci NOT NULL,
  `email` varchar(191) COLLATE utf8mb4_unicode_ci NOT NULL,
  `email_verified_at` timestamp NULL DEFAULT NULL,
  `password` varchar(191) COLLATE utf8mb4_unicode_ci NOT NULL,
  `remember_token` varchar(100) COLLATE utf8mb4_unicode_ci DEFAULT NULL,
  `created_at` timestamp NULL DEFAULT NULL,
  `updated_at` timestamp NULL DEFAULT NULL,
  `branch_id` bigint(20) unsigned DEFAULT NULL,
  `role` varchar(191) COLLATE utf8mb4_unicode_ci NOT NULL DEFAULT 'employee',
  `status` enum('active','inactive') COLLATE utf8mb4_unicode_ci NOT NULL DEFAULT 'active',
  `can_view_sales` tinyint(1) NOT NULL DEFAULT '0',
  `can_view_repairs` tinyint(1) NOT NULL DEFAULT '0',
  `can_view_purchases` tinyint(1) NOT NULL DEFAULT '0',
  `can_view_catalog` tinyint(1) NOT NULL DEFAULT '0',
  `can_view_deposits` tinyint(1) NOT NULL DEFAULT '0',
  `can_view_reports` tinyint(1) NOT NULL DEFAULT '0',
  `can_view_obligations` tinyint(1) NOT NULL DEFAULT '0',
  `can_view_invoices` tinyint(1) NOT NULL DEFAULT '0',
  `can_view_compatibility` tinyint(1) NOT NULL DEFAULT '0',
  `can_view_customer_orders` tinyint(1) NOT NULL DEFAULT '0',
  `can_view_daily_handovers` tinyint(1) NOT NULL DEFAULT '0',
  `can_view_returned_goods` tinyint(1) NOT NULL DEFAULT '0',
  `can_view_store` tinyint(1) NOT NULL DEFAULT '0',
  `can_view_debts` tinyint(1) NOT NULL DEFAULT '0',
  `can_view_backup` tinyint(1) NOT NULL DEFAULT '0',
  `can_view_maintenance_parts` tinyint(1) NOT NULL DEFAULT '0',
  `can_view_products` tinyint(1) NOT NULL DEFAULT '0',
  `can_view_mobile_shop` tinyint(1) NOT NULL DEFAULT '0' COMMENT 'صلاحية الوصول إلى معرض الجوال',
  `is_mobile_shop_only` tinyint(1) NOT NULL DEFAULT '0',
  PRIMARY KEY (`id`),
  UNIQUE KEY `users_email_unique` (`email`),
  KEY `users_branch_id_foreign` (`branch_id`)
) ENGINE=MyISAM AUTO_INCREMENT=10 DEFAULT CHARSET=utf8mb4 COLLATE=utf8mb4_unicode_ci;
/*!40101 SET character_set_client = @saved_cs_client */;

--
-- Dumping data for table `users`
--

LOCK TABLES `users` WRITE;
/*!40000 ALTER TABLE `users` DISABLE KEYS */;
INSERT INTO `users` VALUES (3,'online_sale','onlinesales0597848937@gmail.com',NULL,'$2y$12$Ab4TLPnYQAYAXcRMnS/SweuPqIlm1st/8h9n8sbAU1hhyfyhusy7m','klSNbyNcbqQ3SVGZJ99PNcUb2RadNgcZ6qgHnexjCItWFL11F9iTaeLHGzdn','2025-10-23 06:57:57','2025-11-20 09:56:17',1,'employee','active',1,1,1,1,1,1,1,1,1,1,1,1,1,1,1,1,1,1,0),(4,'Admin User','admin@example.com',NULL,'$2y$12$hIfjYWgqlQjLmvDDqBY/xeTlMHXwbHDQXb49y9VnI46bc52xp1dxC',NULL,'2025-10-23 06:57:57','2025-10-23 06:57:57',1,'admin','active',0,0,0,0,0,0,0,0,0,0,0,0,0,0,0,0,0,0,0),(5,'KhanYounis','KhanYounis@onlinesales0597848937.com',NULL,'$2y$12$3vq1EU5IwqiNk.4Lvuz7AuWFrTONZabG2MFEsq4r0KaYKK/3d7PWy',NULL,'2025-10-23 06:57:57','2025-10-23 06:57:57',1,'employee','active',0,0,0,0,0,0,0,0,0,0,0,0,0,0,0,0,0,0,0),(6,'Manager Deir','manager.deir@example.com',NULL,'$2y$12$9d2nqjDTiqoUsol9rAmRTeFBxEsmvbAd.meqvUUNKbokMqReHVs92',NULL,'2025-10-23 06:57:58','2025-10-23 06:57:58',2,'manager','active',0,0,0,0,0,0,0,0,0,0,0,0,0,0,0,0,0,0,0),(7,'Employee Rafah','employee.rafah@example.com',NULL,'$2y$12$SajSMj5JLCV1WX6UuYMODuZ6NdMsE1UdjRIPVuU5psB4VtC8UnAL.',NULL,'2025-10-23 06:57:58','2025-10-23 06:57:58',3,'employee','inactive',0,0,0,0,0,0,0,0,0,0,0,0,0,0,0,0,0,0,0),(8,'موظف معرض الجوال','mobile_shop@test.com',NULL,'$2y$12$YmDpen9OFdj4VlhVUbh0.uyoz3IjGDQ7CLUMDinvj/ARwKgt4tOeK',NULL,'2025-11-17 05:04:41','2025-11-17 05:04:41',NULL,'mobile_shop_employee','active',0,0,0,0,0,0,0,0,0,0,0,0,0,0,0,0,0,1,0),(9,'Test User','test@example.com','2025-11-17 06:54:02','$2y$12$bd0rnn1nkshoJ2Uxz2VMjeYun5EFqMfa3C9gcpOzjSVfP5.4vmaNi','OTn3zC1UAx','2025-11-17 06:54:03','2025-11-17 06:54:03',NULL,'employee','active',0,0,0,0,0,0,0,0,0,0,0,0,0,0,0,0,0,0,0);
/*!40000 ALTER TABLE `users` ENABLE KEYS */;
UNLOCK TABLES;

--
-- Dumping routines for database 'online_sales'
--
/*!40103 SET TIME_ZONE=@OLD_TIME_ZONE */;

/*!40101 SET SQL_MODE=@OLD_SQL_MODE */;
/*!40014 SET FOREIGN_KEY_CHECKS=@OLD_FOREIGN_KEY_CHECKS */;
/*!40014 SET UNIQUE_CHECKS=@OLD_UNIQUE_CHECKS */;
/*!40101 SET CHARACTER_SET_CLIENT=@OLD_CHARACTER_SET_CLIENT */;
/*!40101 SET CHARACTER_SET_RESULTS=@OLD_CHARACTER_SET_RESULTS */;
/*!40101 SET COLLATION_CONNECTION=@OLD_COLLATION_CONNECTION */;
/*!40111 SET SQL_NOTES=@OLD_SQL_NOTES */;

